id	token_json
0	"<|pad|>"
1	"<|bos|>"
2	"<|eos|>"
3	"<|unk|>"
4	"<|task|>"
5	"<|code|>"
6	"<|explanation|>"
7	"!"
8	"\""
9	"#"
10	"$"
11	"%"
12	"&"
13	"'"
14	"("
15	")"
16	"*"
17	"+"
18	","
19	"-"
20	"."
21	"/"
22	"0"
23	"1"
24	"2"
25	"3"
26	"4"
27	"5"
28	"6"
29	"7"
30	"8"
31	"9"
32	":"
33	";"
34	"<"
35	"="
36	">"
37	"?"
38	"@"
39	"A"
40	"B"
41	"C"
42	"D"
43	"E"
44	"F"
45	"G"
46	"H"
47	"I"
48	"J"
49	"K"
50	"L"
51	"M"
52	"N"
53	"O"
54	"P"
55	"Q"
56	"R"
57	"S"
58	"T"
59	"U"
60	"V"
61	"W"
62	"X"
63	"Y"
64	"Z"
65	"["
66	"\\"
67	"]"
68	"^"
69	"_"
70	"`"
71	"a"
72	"b"
73	"c"
74	"d"
75	"e"
76	"f"
77	"g"
78	"h"
79	"i"
80	"j"
81	"k"
82	"l"
83	"m"
84	"n"
85	"o"
86	"p"
87	"q"
88	"r"
89	"s"
90	"t"
91	"u"
92	"v"
93	"w"
94	"x"
95	"y"
96	"z"
97	"{"
98	"|"
99	"}"
100	"~"
101	"¡"
102	"¢"
103	"£"
104	"¤"
105	"¥"
106	"¦"
107	"§"
108	"¨"
109	"©"
110	"ª"
111	"«"
112	"¬"
113	"®"
114	"¯"
115	"°"
116	"±"
117	"²"
118	"³"
119	"´"
120	"µ"
121	"¶"
122	"·"
123	"¸"
124	"¹"
125	"º"
126	"»"
127	"¼"
128	"½"
129	"¾"
130	"¿"
131	"À"
132	"Á"
133	"Â"
134	"Ã"
135	"Ä"
136	"Å"
137	"Æ"
138	"Ç"
139	"È"
140	"É"
141	"Ê"
142	"Ë"
143	"Ì"
144	"Í"
145	"Î"
146	"Ï"
147	"Ð"
148	"Ñ"
149	"Ò"
150	"Ó"
151	"Ô"
152	"Õ"
153	"Ö"
154	"×"
155	"Ø"
156	"Ù"
157	"Ú"
158	"Û"
159	"Ü"
160	"Ý"
161	"Þ"
162	"ß"
163	"à"
164	"á"
165	"â"
166	"ã"
167	"ä"
168	"å"
169	"æ"
170	"ç"
171	"è"
172	"é"
173	"ê"
174	"ë"
175	"ì"
176	"í"
177	"î"
178	"ï"
179	"ð"
180	"ñ"
181	"ò"
182	"ó"
183	"ô"
184	"õ"
185	"ö"
186	"÷"
187	"ø"
188	"ù"
189	"ú"
190	"û"
191	"ü"
192	"ý"
193	"þ"
194	"ÿ"
195	"Ā"
196	"ā"
197	"Ă"
198	"ă"
199	"Ą"
200	"ą"
201	"Ć"
202	"ć"
203	"Ĉ"
204	"ĉ"
205	"Ċ"
206	"ċ"
207	"Č"
208	"č"
209	"Ď"
210	"ď"
211	"Đ"
212	"đ"
213	"Ē"
214	"ē"
215	"Ĕ"
216	"ĕ"
217	"Ė"
218	"ė"
219	"Ę"
220	"ę"
221	"Ě"
222	"ě"
223	"Ĝ"
224	"ĝ"
225	"Ğ"
226	"ğ"
227	"Ġ"
228	"ġ"
229	"Ģ"
230	"ģ"
231	"Ĥ"
232	"ĥ"
233	"Ħ"
234	"ħ"
235	"Ĩ"
236	"ĩ"
237	"Ī"
238	"ī"
239	"Ĭ"
240	"ĭ"
241	"Į"
242	"į"
243	"İ"
244	"ı"
245	"Ĳ"
246	"ĳ"
247	"Ĵ"
248	"ĵ"
249	"Ķ"
250	"ķ"
251	"ĸ"
252	"Ĺ"
253	"ĺ"
254	"Ļ"
255	"ļ"
256	"Ľ"
257	"ľ"
258	"Ŀ"
259	"ŀ"
260	"Ł"
261	"ł"
262	"Ń"
263	"ĠĠ"
264	"ãģ"
265	"ãĤ"
266	"ĠĠĠĠ"
267	"ĊĠĠĠĠ"
268	"ut"
269	"in"
270	"ãĤĴ"
271	"æķ"
272	"re"
273	"=Ġ"
274	"int"
275	"ãĢ"
276	"æķ°"
277	"]ĊĠĠĠĠ"
278	"lt"
279	"su"
280	"resu"
281	"result"
282	"out"
283	"put"
284	"output"
285	"=Ġ["
286	"xs"
287	"is"
288	"lis"
289	"list"
290	"al"
291	"ue"
292	"łãģ"
293	"Ġlist"
294	"[int"
295	"Ġlist[int"
296	"Ġlist[int]"
297	"val"
298	"value"
299	"ãĢģ"
300	"åĢ"
301	"ãĥ"
302	"åı"
303	"or"
304	"ãģ¦"
305	"xĠ"
306	":ĊĠĠĠĠ"
307	"valueĠ"
308	"fĠ"
309	"for"
310	"forĠ"
311	"inĠ"
312	"ãĤĴæ"
313	"Ġ=Ġ["
314	"ve"
315	"ãģĦ"
316	"ãģłãģ"
317	"ol"
318	"olve"
319	"solve"
320	"Ġk"
321	":Ġlist[int]"
322	"æķ´"
323	"æķ´æķ°"
324	"ãģ®"
325	"ãģĻ"
326	"ãģĹ"
327	"åĢ¤"
328	"ãĤĭ"
329	"ãĤĴåı"
330	"ãĤĬ"
331	":ĊĠĠĠĠĠĠĠĠ"
332	"ifĠ"
333	"®ĭ"
334	"ķãģĦ"
335	"#Ġ"
336	"ãģ¦ãģ"
337	"ãĤĴæ®ĭ"
338	"forĠxĠ"
339	"forĠxĠinĠ"
340	"forĠvalueĠ"
341	"forĠvalueĠinĠ"
342	"(xs"
343	")Ġ"
344	"ãĥª"
345	"ãģłãģĳ"
346	"ãĥĪ"
347	"ãģ¦ãĢģ"
348	"ãĤ¹"
349	"ãĥªãĤ¹"
350	"ãĥªãĤ¹ãĥĪ"
351	"ãĤĴå"
352	"åĲ"
353	"åĲĦ"
354	"ur"
355	"de"
356	"tur"
357	"turn"
358	",Ġk"
359	"->"
360	":Ġ"
361	"return"
362	"int)Ġ"
363	"Ġlist[int]:ĊĠĠĠĠ"
364	"fĠsolve"
365	":Ġlist[int],Ġk"
366	"(xs:Ġlist[int],Ġk"
367	"defĠsolve"
368	"->Ġlist[int]:ĊĠĠĠĠ"
369	":Ġint)Ġ"
370	"returnĠ"
371	"ãĢĤ"
372	"æķ´æķ°ãĥªãĤ¹ãĥĪ"
373	"æķ´æķ°ãĥªãĤ¹ãĥĪxs"
374	"ķãģĦãĢĤ"
375	"ıãģłãģ"
376	"ıãģłãģķãģĦãĢĤ"
377	"ãģ¦ãģıãģłãģķãģĦãĢĤ"
378	"éĸ"
379	"éĸ¢"
380	"éĸ¢æķ°"
381	"ãģĳ"
382	"æķ´æķ°ãĥªãĤ¹ãĥĪxsãģ"
383	"è¦"
384	"ç´"
385	"è¦ģ"
386	"è¦ģç´"
387	"ãĤī"
388	"resultĠ"
389	"outputĠ"
390	"åıĸ"
391	"solveéĸ¢æķ°"
392	"ĭãĤī"
393	"]ĊĠĠĠĠreturnĠ"
394	"ä¸"
395	"ãģ«"
396	"éł"
397	"ãģłãģĳãĤĴæ®ĭ"
398	"+=Ġ["
399	"Ġ=Ġ[]ĊĠĠĠĠ"
400	"åıĸãĤĬ"
401	"åıĸãĤĬãĢģ"
402	"kãĤĴåı"
403	"¨æķ´æķ°"
404	"Ĺãģĳ"
405	"kãĤĴåıĹãģĳ"
406	"¨æķ´æķ°kãĤĴåıĹãģĳ"
407	"ãĤĭĊĠĠĠĠ"
408	"åĲĦè¦ģç´"
409	"ãģłãģĳãĤĴæ®ĭãģĻ"
410	"]ĊĠĠĠĠ#Ġ"
411	"ãĤĴæĽ"
412	"ãĤĴæĽ¸"
413	"ãģĦãģ¦ãģıãģłãģķãģĦãĢĤ"
414	"solveéĸ¢æķ°ãĤĴæĽ¸"
415	"ãģĹãģ¦ãĢģ"
416	"ãģłãģĳãĤĴæ®ĭãģĻĊĠĠĠĠ"
417	"Ġ=Ġ[xĠ"
418	"Ġ=Ġ[valueĠ"
419	"ãģ®åĢ¤"
420	"åĢį"
421	"ãģĭãĤī"
422	"åĲĦè¦ģç´łãģ"
423	"ãģ¹"
424	"ãģĹãĢģ"
425	"resultĊ"
426	"outputĊ"
427	"åĢĭ"
428	"åĩ"
429	"åĩº"
430	":ĊĠĠĠĠĠĠĠĠĠĠĠĠ"
431	":ĊĠĠĠĠĠĠĠĠifĠ"
432	"éłĨ"
433	"result:Ġlist[int]"
434	"output:Ġlist[int]"
435	"]ĊĠĠĠĠreturnĠresultĊ"
436	"]ĊĠĠĠĠreturnĠoutputĊ"
437	"ãģį"
438	"Ġ=Ġ[]ĊĠĠĠĠforĠxĠinĠ"
439	"resultĠ+=Ġ["
440	"outputĠ+=Ġ["
441	"Ġ=Ġ[]ĊĠĠĠĠforĠvalueĠinĠ"
442	"å¾"
443	"Ġ2"
444	"->Ġlist[int]:ĊĠĠĠĠ#Ġ"
445	"å¾Į"
446	"ä¸¦"
447	"ä»"
448	"ãĤĭsolveéĸ¢æķ°ãĤĴæĽ¸"
449	"ä»¥"
450	"ä»¥ä¸"
451	"Ġ=Ġ[xĠforĠxĠinĠ"
452	"0Ġ"
453	"Ġ=Ġ[valueĠforĠvalueĠinĠ"
454	"==Ġ"
455	"kåĢĭ"
456	"ãģĹãģ¦ãģıãģłãģķãģĦãĢĤ"
457	"è£"
458	"®Ł"
459	"ãĤĴå®Ł"
460	"ħãģĹãģ¦ãģıãģłãģķãģĦãĢĤ"
461	"ãĤĴå®Łè£"
462	"åħ"
463	"æľ"
464	"ãģĿ"
465	"ãĤĴåıĸ"
466	"łãĤĴ"
467	"ä¸¦ãģ¹"
468	"#Ġk"
469	"éłĨãģ«"
470	"ãģĻãĤĭĊĠĠĠĠ"
471	"ãĤĪ"
472	"ed"
473	"solveéĸ¢æķ°ãĤĴå®Łè£"
474	"kãĤĴå"
475	"å°"
476	"ĠkĠ"
477	"ãĤĴé"
478	"éłŃ"
479	"::"
480	"åħĪ"
481	"åħĪéłŃ"
482	"ãģĭãĤīkåĢĭ"
483	"éłĨãģ«ä¸¦ãģ¹"
484	"ãģĿãģ®"
485	"ãĤĪãĤĬ"
486	"resultĠifĠ"
487	"outputĠifĠ"
488	"»¢"
489	"è»¢"
490	"]ĊĠĠĠĠresult"
491	"]ĊĠĠĠĠoutput"
492	"åĲĦè¦ģç´łãĤĴ"
493	"kĠ"
494	"outputĠ=Ġ"
495	"resultĠ=Ġ"
496	"kä»¥ä¸"
497	"Ń£"
498	"ãĤĴåıį"
499	"ted"
500	"sor"
501	"sorted"
502	"ãĤĴåıįè»¢"
503	"æŃ£"
504	"ãģĿãģ®å¾Į"
505	")ĊĠĠĠĠ"
506	"%Ġ2"
507	"è²"
508	"ĠifĠ"
509	"ãĤĴæĬ"
510	"½åĩº"
511	"¤§"
512	"åĲĦè¦ģç´łãģ®"
513	"¤§ãģį"
514	"xsĠifĠ"
515	"ãĤĴæĬ½åĩº"
516	"çµ"
517	"ãģĻãĤĭsolveéĸ¢æķ°ãĤĴæĽ¸"
518	"xs:ĊĠĠĠĠĠĠĠĠifĠ"
519	"ķãģ"
520	"ä¹"
521	"ä¹Ĺ"
522	"łãģ®"
523	"ãĤĭsolveéĸ¢æķ°ãĤĴå®Łè£"
524	"Ġ=Ġ"
525	"ãĤĴåĪ"
526	"*Ġ"
527	"<Ġ"
528	">Ġ"
529	"åĲĦè¦ģç´łãģ«"
530	"ãģ§"
531	"åĢ¤ãģłãģĳãĤĴæ®ĭãģĻĊĠĠĠĠ"
532	":ĊĠĠĠĠĠĠĠĠresultĠ+=Ġ["
533	":ĊĠĠĠĠĠĠĠĠoutputĠ+=Ġ["
534	"ıãģ"
535	"å¤§ãģį"
536	"ģ¸"
537	"ãģĭãĤīkåĢĭãĤĴåıĸ"
538	"ãĥŃ"
539	"¼ãĥŃ"
540	"ãĤ¼ãĥŃ"
541	"ãģ®åĢį"
542	"ãģ®åĢįæķ°"
543	"]ĊĠĠĠĠ#Ġk"
544	"==Ġ0"
545	"è²łãģ®"
546	"0Ġ==Ġ"
547	"se"
548	"ĩãĤĬ"
549	"*Ġ2"
550	"kãĤĴ"
551	"reve"
552	"rever"
553	"ãģ¦ãģ®"
554	"ãĤĴåĪĩãĤĬ"
555	"åģ"
556	"¶æķ°"
557	"åģ¶æķ°"
558	"çµ¶"
559	"¥ĩ"
560	"å¥ĩ"
561	"å¥ĩæķ°"
562	"å¯"
563	"å¯¾"
564	"2åĢį"
565	"çµ¶å¯¾"
566	"çµ¶å¯¾åĢ¤"
567	"[::"
568	"ãģĻãģ¹"
569	"æŃ£ãģ®åĢ¤"
570	"ĭãģ®åĢ¤"
571	"ıãģķãģĦ"
572	"äº"
573	"æķ´æķ°ãĥªãĤ¹ãĥĪxsãģĭãĤī"
574	"sorted("
575	"ãĤĴéģ¸"
576	"äºĮ"
577	"äºĮä¹Ĺ"
578	"ãģ®ãģ"
579	"ãĤĤ"
580	"å¤§ãģįãģĦ"
581	"æľ«"
582	"ãģĻsolveéĸ¢æķ°ãĤĴæĽ¸"
583	"å°¾"
584	"æľ«å°¾"
585	"ãģĻãģ¹ãģ¦ãģ®"
586	"ãģĪ"
587	"¦åı"
588	"¬¦åı"
589	"ç¬¦åı"
590	"ç¬¦åı·"
591	"kãĤĴåĬ"
592	"kãĤĪãĤĬ"
593	"kãĤĴå¼"
594	"ãģ®ãģ¿"
595	"ãģĹãĢģãģĿãģ®å¾Į"
596	"output:ĊĠĠĠĠĠĠĠĠifĠ"
597	"result:ĊĠĠĠĠĠĠĠĠifĠ"
598	"çĽ"
599	"éłħ"
600	"çĽ®"
601	"éłħçĽ®"
602	"ãģ³"
603	"łãģĪ"
604	"kãĤĴåĬłãģĪ"
605	"Ĭãģį"
606	":k"
607	"å°ıãģķãģĦ"
608	"*Ġ3"
609	"åĩºãģĹãģ¦ãĢģ"
610	"kãģ®åĢįæķ°"
611	"ç¬¦åı·ãĤĴåıįè»¢"
612	"<=Ġ"
613	">=Ġ"
614	"Ļį"
615	"[0"
616	"kä»¥ä¸Ĭ"
617	",Ġ"
618	"se="
619	"reverse="
620	",Ġreverse="
621	"éłĨãģ«ä¸¦ãģ¹ãĤĭĊĠĠĠĠ"
622	"resultĠ+=Ġ[x"
623	"outputĠ+=Ġ[x"
624	"resultĠ+=Ġ[value"
625	"ãģ¦ãģĭãĤī"
626	"outputĠ+=Ġ[value"
627	"[-"
628	"xĠ%Ġ2"
629	"ãģ£"
630	"valueĠ%Ġ2"
631	"!=Ġ"
632	"ab"
633	"s("
634	"abs("
635	"ä¿"
636	"ä¿Ŀ"
637	"[-k"
638	"-1"
639	"[::-1"
640	"ĠkĠforĠvalueĠinĠ"
641	"ĠkĠforĠxĠinĠ"
642	"*Ġ2Ġ"
643	"ãģĬãģį"
644	"ãģĬãģįãģ«"
645	"ãģĭãĤī1"
646	"ãģĭãĤī1åĢĭ"
647	"]ĊĠĠĠĠ#ĠåĲĦè¦ģç´łãĤĴ"
648	"ãģĭãĤī1åĢĭãģĬãģįãģ«"
649	"ĺĩ"
650	"kä»¥ä¸ĭãģ®åĢ¤"
651	"ãĤ¿"
652	"è¦ģç´ł"
653	"->Ġlist[int]:ĊĠĠĠĠ#Ġk"
654	"åĲĦè¦ģç´łãģĭãĤī"
655	"Ġ=Ġ[xĠforĠxĠinĠxsĠifĠ"
656	"ãĤĴä¿Ŀ"
657	"åĲĦè¦ģç´łãģ®çµ¶å¯¾åĢ¤"
658	"output:Ġlist[int]Ġ=Ġ"
659	"æľĢ"
660	"result:Ġlist[int]Ġ=Ġ"
661	"åĲĦè¦ģç´łãģĭãĤīkãĤĴå¼"
662	"īåĢį"
663	"ä¸īåĢį"
664	"åħĪéłŃãģĭãĤīkåĢĭãĤĴåıĸ"
665	"3åĢį"
666	"ãģķãģ"
667	"ãģķãģĽ"
668	"æľĢå¾Į"
669	"kãĤĴæ"
670	"ãģĭ"
671	"çı"
672	"çı¾"
673	"ķãģı"
674	"]ĊĠĠĠĠresultĠ=Ġ"
675	"]ĊĠĠĠĠoutputĠ=Ġ"
676	"åľ"
677	"åľ¨"
678	"çı¾åľ¨"
679	"çı¾åľ¨ãģ®"
680	"åĲĦè¦ģç´łãģ«kãĤĴåĬłãģĪ"
681	"æľ«å°¾ãģĭãĤīkåĢĭãĤĴåıĸ"
682	"®Ĺ"
683	"ç®Ĺ"
684	"ãĤĴéģ¸ãģ³"
685	"ãĤĮ"
686	"x:ĊĠĠĠĠĠĠĠĠĠĠĠĠ"
687	"æľĢå¾Įãģ«"
688	"value:ĊĠĠĠĠĠĠĠĠĠĠĠĠ"
689	"ãģĻãĤĭĊĠĠĠĠresult"
690	"Ġ=Ġ[]ĊĠĠĠĠforĠxĠinĠxs"
691	"ãģĻãĤĭĊĠĠĠĠoutput"
692	"sorted(xs"
693	"ãģ£ãģ¦ãĢģ"
694	")ĊĠĠĠĠreturnĠ"
695	"ãģ®ãģ¿ãĤĴæ®ĭ"
696	"ãĤĴä¸īåĢį"
697	"åĢ¤ãĤĴå"
698	"ªæ"
699	"kæľ"
700	"ºĢ"
701	"ªæºĢ"
702	"kæľªæºĢ"
703	"ãĥ¼"
704	"*Ġ3Ġ"
705	"åº"
706	"éłĨåº"
707	"éłĨåºı"
708	"kæľªæºĢãģ®åĢ¤"
709	"ĩãĥ¼"
710	"ãĥĩãĥ¼"
711	"ãĥĩãĥ¼ãĤ¿"
712	"sorted(output"
713	"sorted(result"
714	"æĮ"
715	"]ĊĠĠĠĠoutput:Ġlist[int]"
716	"ãĤĴ2åĢį"
717	"İĽ"
718	"kãĤĴæİĽ"
719	"kãĤĴæİĽãģĳ"
720	"]ĊĠĠĠĠresult:Ġlist[int]"
721	"]ĊĠĠĠĠ#ĠkãĤĪãĤĬ"
722	"ãģ«kãĤĴ"
723	"Ġ=Ġ[-"
724	"]ĊĠĠĠĠ#Ġkä»¥ä¸"
725	"ãģłãģĳãĤĴæ®ĭãģĹãĢģ"
726	"Ġk:ĊĠĠĠĠĠĠĠĠĠĠĠĠ"
727	":ĊĠĠĠĠĠĠĠĠoutputĠ+=Ġ[xĠ"
728	"0:ĊĠĠĠĠĠĠĠĠĠĠĠĠ"
729	":ĊĠĠĠĠĠĠĠĠresultĠ+=Ġ[xĠ"
730	"åĲĦæķ°"
731	"ãģŁ"
732	"æĽ"
733	"æĽ¿"
734	"æĽ¿ãģĪ"
735	"ãģ¦ãģĭãĤīãĢģ"
736	"valueĠforĠvalueĠinĠ"
737	"==Ġ0:ĊĠĠĠĠĠĠĠĠĠĠĠĠ"
738	"Ġ=Ġ[abs("
739	"ãĢģãģĿãģ®å¾Į"
740	"xĠforĠxĠinĠ"
741	"åĪ"
742	"åĲĦéłħçĽ®"
743	"kãĤĪãĤĬãĤĤ"
744	"ãģĭãģĳ"
745	"åĲĦè¦ģç´łãģ«kãĤĴæİĽãģĳ"
746	"ãĤĴè"
747	"è²łãģ®æķ°"
748	"ãĤĵ"
749	"ãĤĵãģ§"
750	"å¤§ãģįãģĦåĢ¤"
751	"[0:k"
752	"æĺĩ"
753	"[:k"
754	"<=Ġk"
755	"0Ġ<Ġ"
756	"kĠ>=Ġ"
757	"kĠ<Ġ"
758	"ãĤģ"
759	"ãģª"
760	"ķãģıĊĠĠĠĠ"
761	"ãģ«ãģĹãģ¦ãĢģ"
762	"ãĤĴéĻį"
763	"%ĠkĠ"
764	"kĠ>Ġ"
765	"0Ġ>Ġ"
766	"Fal"
767	",Ġreverse=Fal"
768	",Ġreverse=False"
769	"æĺĩéłĨãģ«ä¸¦ãģ¹ãĤĭĊĠĠĠĠ"
770	"ãģłãģĳãĤĴæĬ½åĩº"
771	"ãĤĭĊĠĠĠĠresultĠ=Ġ"
772	"ãĤĭĊĠĠĠĠoutputĠ=Ġ"
773	"æĮģ"
774	"åĩºãģĻsolveéĸ¢æķ°ãĤĴæĽ¸"
775	"éłĨãĤĴåıįè»¢"
776	"çı¾åľ¨ãģ®è¦ģç´ł"
777	"åĲĦè¦ģç´łãĤĴäºĮä¹Ĺ"
778	"outputĠ=Ġ[xĠforĠxĠinĠ"
779	"è¦ģç´łãĤĴ"
780	"ãĤĴä¿ĿæĮģ"
781	"resultĠ=Ġ[xĠforĠxĠinĠ"
782	"(rever"
783	"sed"
784	"(reversed"
785	"éłĨãĤĴåıįè»¢ãģĻãĤĭĊĠĠĠĠ"
786	"ãĤĭĊĠĠĠĠresult"
787	")ĊĠĠĠĠ#Ġ"
788	"éĻį"
789	"ãĤĭĊĠĠĠĠoutput"
790	"0Ġ!=Ġ"
791	"xĠ%Ġ2Ġ"
792	"kĠ<=Ġ"
793	"éłĨãģ«ä¸¦ãģ¹æĽ¿ãģĪ"
794	">=Ġk"
795	"valueĠ%Ġ2Ġ"
796	"Ĭãģ®åĢ¤"
797	"[-k:"
798	"list(reversed"
799	"ĢĨ"
800	"ãģĭãĤī1åĢĭãģĬãģįãģ«åıĸ"
801	"[::2"
802	"[-k::"
803	"Ġk]ĊĠĠĠĠ#Ġ"
804	"Ġ=Ġ[valueĠ*"
805	"::2"
806	"[0::2"
807	"Tr"
808	"çķ"
809	",Ġreverse=Tr"
810	",Ġreverse=True"
811	"Ġ=Ġ[xĠ*"
812	"éĻįéłĨãģ«ä¸¦ãģ¹ãĤĭĊĠĠĠĠ"
813	"*Ġ2ĠforĠxĠinĠ"
814	"æ®ĭ"
815	"ķãģį"
816	"ãģĨ"
817	")[::-1"
818	"åħ¨"
819	"ãĤĤãģ®"
820	"*Ġ2ĠforĠvalueĠinĠ"
821	"ãģı"
822	"resultĠifĠxĠ"
823	"outputĠifĠxĠ"
824	"ãĤĴéĢĨ"
825	"è²łãģ®åĢ¤"
826	"resultĠifĠvalueĠ"
827	"outputĠifĠvalueĠ"
828	"ļĶ"
829	"éļĶ"
830	"xs]ĊĠĠĠĠ#Ġ"
831	"ãĤĴéģ¸ãĤĵãģ§"
832	"åĢ¤ãĤĴéĻį"
833	"kä»¥ä¸Ĭãģ®åĢ¤"
834	"çķª"
835	"éļĶçķª"
836	"¨Ī"
837	"¨Īç®Ĺ"
838	"ãĤĴæ®ĭãģĹãģ¦ãĢģ"
839	"åĢ¤ãĤĴæ"
840	"ãĤĴæ®ĭãģĹ"
841	"éĸ¢æķ°solve"
842	"æŃ£è²"
843	"ãĤĴäºĮä¹Ĺ"
844	"éĸ¢æķ°solveãĤĴå®Łè£"
845	"ãĤĴæ®ĭãģĹãĢģ"
846	"ãĤĴæĬ½åĩºãģĹãģ¦ãĢģ"
847	"kãĤĪãĤĬå¤§ãģįãģĦåĢ¤"
848	"ãģŁå¾Į"
849	"éłĨãģ«ä¸¦ãģ¹ãģ¦ãĢģ"
850	"ãģĿãĤĮ"
851	"ãģĻsolveéĸ¢æķ°ãĤĴå®Łè£"
852	"ä¸¦ãģ³"
853	"åħĪéłŃãģĭãĤīkåĢĭ"
854	"åĲĦãĥĩãĥ¼ãĤ¿"
855	"ãģ®æķ°"
856	"xsĠifĠvalueĠ"
857	"Ġ=Ġ[xĠforĠxĠinĠxsĠifĠxĠ"
858	"ãĤĴè¨Īç®Ĺ"
859	"xs:ĊĠĠĠĠĠĠĠĠifĠxĠ"
860	"æľ«å°¾ãģĭãĤīkåĢĭ"
861	"xs:ĊĠĠĠĠĠĠĠĠresultĠ+=Ġ["
862	"xs:ĊĠĠĠĠĠĠĠĠifĠvalueĠ"
863	"Ġk]ĊĠĠĠĠreturnĠoutputĊ"
864	"åĢ¤ãĤĴå°"
865	"Ġk]ĊĠĠĠĠreturnĠresultĊ"
866	"xs:ĊĠĠĠĠĠĠĠĠoutputĠ+=Ġ["
867	"outputĠifĠ0Ġ==Ġ"
868	"åıĸãĤĬãĢģkãģ®åĢįæķ°"
869	"±Ĥ"
870	"ãĤĴåĪĩãĤĬåıĸ"
871	"ĠkĠforĠvalueĠinĠoutput"
872	")ĊĠĠĠĠreturnĠoutputĊ"
873	")ĊĠĠĠĠreturnĠresultĊ"
874	"±ĤãĤģ"
875	">Ġ0"
876	"ĠkĠforĠxĠinĠoutput"
877	"ĠkĠforĠvalueĠinĠresult"
878	"resultĠifĠ0Ġ==Ġ"
879	"*Ġ3ĠforĠvalueĠinĠ"
880	"%ĠkĠ==Ġ0"
881	"æķ°ãģ®"
882	"ãĤĴä¸īåĢįãģĹãģ¦ãĢģ"
883	"åĢ¤ãĤĴæĺĩ"
884	"*Ġ3ĠforĠxĠinĠ"
885	"¤ī"
886	"éĽ"
887	"åĲĦåĢ¤"
888	"ãĤĴæ±ĤãĤģ"
889	"Ńĺ"
890	"list(reversed("
891	"åĪĹ"
892	"ĠkĠforĠxĠinĠresult"
893	"]ĊĠĠĠĠ#Ġkä»¥ä¸ĭãģ®åĢ¤"
894	"åĲĦè¦ģç´łãĤĴ2åĢį"
895	"<Ġ0"
896	"ãģ²"
897	"Ġ=Ġ[valueĠ-"
898	"Ġ=Ġ[xĠ*Ġ3ĠforĠxĠinĠ"
899	"è¶"
900	"valueĠ*"
901	"Ġ=Ġ[xĠ-"
902	"kä»¥ä¸Ĭãģ®"
903	"ãģĹãģ¦ãģĭãĤīãĢģ"
904	"ŀãĤĮ"
905	"ãģŀãĤĮ"
906	"åĢ¤ãĤĴå°ıãģķãģĦ"
907	"ãģĿãĤĮãģŀãĤĮ"
908	"Ġ=Ġ[-xĠforĠxĠinĠ"
909	"]ĊĠĠĠĠ#Ġkãģ®åĢįæķ°"
910	"åĲĦè¦ģç´łãĤĴ3åĢį"
911	"ãĤĴåĪĩãĤĬåĩºãģĹãģ¦ãĢģ"
912	"value]ĊĠĠĠĠ#Ġ"
913	"åıĸãĤĬãĢģkä»¥ä¸ĭãģ®åĢ¤"
914	"value)Ġ"
915	"value)ĠforĠvalueĠinĠ"
916	"å°ıãģķãģĦåĢ¤"
917	"!=Ġ0"
918	"ãģŁå¾ĮãĢģ"
919	"x]ĊĠĠĠĠ#Ġ"
920	"x)Ġ"
921	"x)ĠforĠxĠinĠ"
922	"ãģłãģĳãĤĴéģ¸ãģ³"
923	"Ġ=Ġ[xĠ*Ġ2ĠforĠxĠinĠ"
924	"]ĊĠĠĠĠ#Ġkä»¥ä¸Ĭãģ®åĢ¤"
925	"å¤§ãģįãģª"
926	"å¤§ãģįãģªåĢ¤"
927	"Ġ=Ġ[abs(x)ĠforĠxĠinĠ"
928	"output:Ġlist[int]Ġ=Ġxs"
929	"ãģĭãĤīkãĤĴå¼"
930	"ãģ¨"
931	"Ġ=Ġ[valueĠ+"
932	"kãĤĴãģĭãģĳ"
933	"Ġ=Ġ[xĠ+"
934	"ãģ«kãĤĴãģĭãģĳ"
935	"ãģĻãģ¹ãģ¦ãģ®éłħçĽ®"
936	"éļĶçķªãģ§"
937	"åħ¨ãģ¦ãģ®"
938	"ãģĻãģ¹ãģ¦ãģ®è¦ģç´łãĤĴ"
939	"æŃ£è²ł"
940	"result:Ġlist[int]Ġ=Ġxs"
941	"ãģĹãĢģæľĢå¾Įãģ«"
942	"å¾Ĺ"
943	"ãĤĪãģĨ"
944	"æĸ"
945	"æĸ¹"
946	"éłĨåºıãĤĴåıįè»¢"
947	"¤īãģĪ"
948	"ãģĹãĢģãģĿãģ®å¾Įãģ§"
949	"ãģ«kãĤĴåĬłãģĪ"
950	"ãĤĭåĢ¤"
951	"³æĸ¹"
952	"¹³æĸ¹"
953	"ãģ«kãĤĴä¹Ĺ"
954	"ãĤĭéĸ¢æķ°solveãĤĴå®Łè£"
955	"ãģĺ"
956	"]ĊĠĠĠĠresultĠ=Ġresult"
957	"xĠ%"
958	"éģ¸"
959	"ãĤĴæĬ½åĩºãģĹãĢģ"
960	"ãģĹãģ¦"
961	"]ĊĠĠĠĠoutputĠ=Ġoutput"
962	"valueĠ%"
963	"ãģĦãģ¦ãĢģ"
964	"x]ĊĠĠĠĠreturnĠoutputĊ"
965	"x]ĊĠĠĠĠreturnĠresultĊ"
966	"xs:ĊĠĠĠĠĠĠĠĠifĠ0Ġ==Ġ"
967	"ãĤĤãģ®ãģĭãĤī"
968	"kãĤĴè¶"
969	"0Ġ!=ĠxĠ%Ġ2"
970	"åıĸãĤĬãĢģãĤ¼ãĥŃ"
971	"ãģ«ãģĻ"
972	"åŃĺ"
973	"0Ġ!=ĠvalueĠ%Ġ2"
974	"åıĸãĤĬãĢģåģ¶æķ°"
975	"ãĤĭĊĠĠĠĠoutputĠ=Ġoutput"
976	"ãģ¦ãģ®åĢ¤"
977	"ãĤĴç"
978	"ãģısolveéĸ¢æķ°ãĤĴæĽ¸"
979	"æĬ"
980	"ãĤĭĊĠĠĠĠresultĠ=Ġresult"
981	"ãģĹãģ¦ãģĭãĤī"
982	"£ãĥ"
983	"«ãĤ¿"
984	"ķãĤ"
985	"ãĥķãĤ"
986	"£ãĥ«ãĤ¿"
987	"ãĥķãĤ£ãĥ«ãĤ¿"
988	"resultĠ+=Ġ[x]ĊĠĠĠĠ#Ġ"
989	"outputĠ+=Ġ[x]ĊĠĠĠĠ#Ġ"
990	"ä½"
991	"ãĤĴãĥķãĤ£ãĥ«ãĤ¿"
992	"output:ĊĠĠĠĠĠĠĠĠifĠxĠ"
993	"åĢ¤ãĤĴå¤§ãģį"
994	"åĢ¤ãģ®"
995	"result:ĊĠĠĠĠĠĠĠĠifĠxĠ"
996	"ä»¥ä¸ĭãģ®åĢ¤"
997	"ãĤĴä¿ĿåŃĺ"
998	"ãĤĪãĤĬå¤§ãģįãģĦ"
999	"ãĤĴåĪĩãĤĬåĩº"
1000	"valueĠ-"
1001	"çµ¶å¯¾åĢ¤ãĤĴæ±ĤãĤģ"
1002	"ãĤĪãĤĬå°ıãģķãģĦ"
1003	"ãĤĴå¹³æĸ¹"
1004	"åıĸãĤĬãĢģå¥ĩæķ°"
1005	"åıĸãĤĬãĢģkæľªæºĢãģ®åĢ¤"
1006	"åĲĦè¦ģç´łãģ«kãĤĴãģĭãģĳ"
1007	"ãģĻãģ¹ãģ¦ãģ®æķ°"
1008	"ãĤĴå¤īãģĪ"
1009	"ãģ«kãĤĴä¹Ĺãģĺ"
1010	"Ġk]ĊĠĠĠĠresult"
1011	"åıĸãĤĬãĢģæŃ£ãģ®åĢ¤"
1012	",Ġreverse=False)ĊĠĠĠĠ"
1013	"valueĠ*Ġ3"
1014	"ãĤĴåıĸãĤĬ"
1015	"åĢ¤ãĤĴå¤§ãģįãģĦ"
1016	">Ġ0:ĊĠĠĠĠĠĠĠĠĠĠĠĠ"
1017	"<=Ġk:ĊĠĠĠĠĠĠĠĠĠĠĠĠ"
1018	"éłĨåºıãĤĴéĢĨ"
1019	"Ġk]ĊĠĠĠĠoutput"
1020	"åıĸãĤĬãĢģkãĤĪãĤĬãĤĤ"
1021	">Ġk:ĊĠĠĠĠĠĠĠĠĠĠĠĠ"
1022	"<Ġ0:ĊĠĠĠĠĠĠĠĠĠĠĠĠ"
1023	"<Ġk:ĊĠĠĠĠĠĠĠĠĠĠĠĠ"
1024	"ä¸¦ãģ¹ãģ¦ãĢģ"
1025	"ãĥ³"
1026	"ãĤ°"
1027	"ãĥªãĥ³"
1028	"ãĥªãĥ³ãĤ°"
1029	"ä¸Ń"
1030	"%ĠkĠ==Ġ0:ĊĠĠĠĠĠĠĠĠĠĠĠĠ"
1031	"åĪ¥"
1032	"łãģ«"
1033	"ãģ£ãģı"
1034	"ãģ²ãģ£ãģı"
1035	"ãģ²ãģ£ãģıãĤĬ"
1036	"ãĤĴæ®ĭãģĹãģ¦ãģ"
1037	"ç¬¦åı·ãĤĴåıįè»¢ãģķãģĽ"
1038	"))ĊĠĠĠĠ"
1039	"ãģĮ"
1040	"åıĸãĤĬãĢģåħĪéłŃ"
1041	"value)"
1042	"abs(value)"
1043	"åıĸãĤĬãĢģåĲĦéłħçĽ®"
1044	"valueĠ+"
1045	"]ĊĠĠĠĠ#ĠæŃ£ãģ®åĢ¤"
1046	"ä»¥ä¸Ĭãģ®åĢ¤"
1047	"ĠkĠforĠxĠinĠxs"
1048	"ãģĻãģ¹ãģ¦ãģ®åĢ¤"
1049	",Ġreverse=True)ĊĠĠĠĠ"
1050	"ĠkĠforĠvalueĠinĠxs"
1051	"ãĤĴåıĸå¾Ĺ"
1052	"ãĤĴéģ¸ãĤĵãģ§ãĢģ"
1053	"ãģĿãģ®ä¸Ń"
1054	"!=Ġ0:ĊĠĠĠĠĠĠĠĠĠĠĠĠ"
1055	"ãĤĴéģ¸ãģ³åĩºãģĹãģ¦ãĢģ"
1056	"]ĊĠĠĠĠ#ĠåĲĦè¦ģç´łãģ®"
1057	"x)"
1058	"abs(x)"
1059	"kä»¥ä¸ĭ"
1060	">=Ġk:ĊĠĠĠĠĠĠĠĠĠĠĠĠ"
1061	"éĽĨ"
1062	"]ĊĠĠĠĠ#ĠãĤ¼ãĥŃ"
1063	"valueĠ*Ġ2"
1064	"åıĸãĤĬãĢģåĲĦæķ°"
1065	"ãģłãģĳãĤĴæĬ½åĩºãģĻ"
1066	"]ĊĠĠĠĠ#Ġè²łãģ®"
1067	"ķãģıĊĠĠĠĠoutput"
1068	"ĭ¾"
1069	"¼ķãģį"
1070	"ãĤĴ2åĢįãģ«ãģĹãģ¦ãĢģ"
1071	"¸Ľ"
1072	"ķãģıĊĠĠĠĠresult"
1073	"outputĠ=Ġsorted(output"
1074	"ãģĹãģŁå¾ĮãĢģ"
1075	"]ĊĠĠĠĠ#Ġå¥ĩæķ°"
1076	"ãģĭãģĪ"
1077	"ãģĿãģ®ä¸ŃãģĭãĤī"
1078	"ãģĤ"
1079	"ãģĭãĤī1åĢĭãģĬãģįãģ«éģ¸"
1080	"]Ċ"
1081	"ãĤĴå¼ķãģį"
1082	"ĬãģįãĢģ"
1083	"]ĊĠĠĠĠoutputĠ=Ġresult"
1084	"ãĤĴ2åĢįãģĹãģ¦ãĢģ"
1085	"]ĊĠĠĠĠ#Ġåģ¶æķ°"
1086	"]ĊĠĠĠĠresultĠ=Ġoutput"
1087	"]ĊĠĠĠĠ#Ġçı¾åľ¨ãģ®è¦ģç´ł"
1088	"æŃ£ãģ®æķ°"
1089	"resultĠ=Ġxs"
1090	"*ĠvalueĠforĠvalueĠinĠ"
1091	"resultĠ=Ġsorted(result"
1092	"ãĤĴåıĸãĤĭĊĠĠĠĠ"
1093	"ãģ®ãģ¿ãĤĴæ®ĭãģĹãĢģ"
1094	"outputĠ=Ġxs"
1095	"ãģ®kåĢĭ"
1096	"*Ġ2ĠforĠvalueĠinĠresult"
1097	"ãģ¶"
1098	"outputĠ=Ġsorted(xs"
1099	"ä¸Ĭ"
1100	"ãģĻãģ¹ãģ¦ãģ®ãĥĩãĥ¼ãĤ¿"
1101	"list(reversed(result"
1102	"Ġ=Ġ[xĠ**Ġ2ĠforĠxĠinĠ"
1103	"*ĠxĠforĠxĠinĠ"
1104	"ãĤĴåĪĩãĤĬåıĸãģ£ãģ¦ãĢģ"
1105	"resultĠ=Ġsorted(xs"
1106	"*Ġ2ĠforĠvalueĠinĠoutput"
1107	"list(reversed(xs"
1108	":ĊĠĠĠĠĠĠĠĠoutputĠ+=Ġ[-"
1109	"ãĢģæľĢå¾Įãģ«"
1110	"list(reversed(output"
1111	"ãĤĴåıĸãĤĭĊĠĠĠĠresult"
1112	"ãĤĴåıĸãĤĭĊĠĠĠĠoutput"
1113	":ĊĠĠĠĠĠĠĠĠresultĠ+=Ġ[-"
1114	"ãĤĴåĪĨ"
1115	"Ġ=Ġ[xĠ*ĠxĠforĠxĠinĠ"
1116	"ãģłãģĳãĤĴæ®ĭãģĹãģ¦ãĢģ"
1117	"æ®ĭãģĹãģ¦ãĢģ"
1118	"åģ¶æķ°ãģłãģĳ"
1119	"]ĊĠĠĠĠ#ĠåħĪéłŃ"
1120	"æĬľ"
1121	"ãĤĭĊĠĠĠĠresultĠ=Ġoutput"
1122	"ãģªãģĮ"
1123	"ãģªãģĮãĤī"
1124	"ãĤĭĊĠĠĠĠoutputĠ=Ġresult"
1125	"xĠ%Ġ2Ġ==Ġ0"
1126	"¸ĽãĤī"
1127	"ãģĵ"
1128	"çµ¶å¯¾åĢ¤ãĤĴè¨Īç®Ĺ"
1129	"è¿"
1130	"xĠ%Ġ2Ġ!=Ġ0"
1131	"returnĠ["
1132	"valueĠ%Ġ2Ġ==Ġ0"
1133	"ãģĹãģ¦ãģ"
1134	"valueĠ%Ġ2Ġ!=Ġ0"
1135	"ãģ§ãģĤ"
1136	"ãģĪãĤĭåĢ¤"
1137	"ãģĭãĤīkãĤĴå¼ķãģį"
1138	"ãģ°"
1139	"ãģĽ"
1140	"ãģ®ãģ¿ãĤĴæĬ½åĩº"
1141	"kä»¥ä¸ĭãģ®"
1142	"ãģ°ãģĽ"
1143	"ä¸¦ãģ°ãģĽ"
1144	"ıãģķãģ"
1145	"æ®ĭãģĻsolveéĸ¢æķ°ãĤĴæĽ¸"
1146	"éĽ¢"
1147	"ãĤĴä¿ĿæĮģãģĹãģ¦ãĢģ"
1148	"æŃ£è²łãĤĴåıįè»¢"
1149	"ãĤĴãģ²ãģ£ãģıãĤĬ"
1150	"è¦ģç´łãģ«"
1151	"ãģĻãĤĪãģĨ"
1152	"åĢ¤ãĤĴæĺĩéłĨãģ«ä¸¦ãģ¹"
1153	"ãģķ"
1154	"xsĠifĠ0Ġ==Ġ"
1155	"ãĤĴæĬľ"
1156	"çµŀ"
1157	"ıãģķãģª"
1158	"0Ġ<Ġvalue"
1159	"ãĤĴå¤īãģĪãģ¦ãĢģ"
1160	"ãĤĴäºĮä¹ĹãģĹãģ¦ãĢģ"
1161	"éļĶçķªãģ«"
1162	"æ®ĭãģĹãĢģ"
1163	"İéĽĨ"
1164	"kä»¥ä¸ĭãģ®ãĤĤãģ®"
1165	"ãģ«kãĤĴãģĭãģĳãģ¦ãĢģ"
1166	"ãĤĴåĪĩãĤĬæĬľ"
1167	"è¿Ķ"
1168	"kĠ<Ġvalue"
1169	"ãĤĴæĭ¾"
1170	"0Ġ>Ġvalue"
1171	"kĠ>=Ġvalue"
1172	"ãģĵãģ¨"
1173	"ãģķãģĽãģ¦ãĢģ"
1174	"x]ĊĠĠĠĠresult"
1175	"ãĤĴ2åĢįãģ«"
1176	"kä»¥ä¸Ĭãģ§ãģĤ"
1177	"ãĤĭĊĠĠĠĠresultĠ=Ġxs"
1178	"æľ«å°¾kåĢĭ"
1179	"éłĨåºıãĤĴåıįè»¢ãģķãģĽ"
1180	"Ĭãģısolveéĸ¢æķ°ãĤĴæĽ¸"
1181	"x]ĊĠĠĠĠoutput"
1182	"kĠ>Ġvalue"
1183	",Ġreverse=False)ĊĠĠĠĠ#Ġ"
1184	"ãĤĴåĪĨãģĳ"
1185	"ãģ«kãĤĴä¹Ĺãģĺãģ¦ãĢģ"
1186	"åĪĹãģ®"
1187	"ãĤĤãģ®ãģ"
1188	"ãĤĤãģ®ãģ¸"
1189	"ãĤĬåĩº"
1190	"åıĸãĤĬãĢģè²łãģ®æķ°"
1191	"))ĊĠĠĠĠ#Ġ"
1192	"å¼"
1193	"kãĤĴãģ²"
1194	"äºĮä¹ĹãģĻãĤĭĊĠĠĠĠoutput"
1195	"æĮĻ"
1196	"åıĸãĤĬãĢģkä»¥ä¸Ĭãģ®åĢ¤"
1197	"]ĠifĠ"
1198	"3åĢįãģĻãĤĭĊĠĠĠĠresult"
1199	"3åĢįãģĻãĤĭĊĠĠĠĠoutput"
1200	"åıĸãĤĬãĢģåĲĦè¦ģç´łãģ®"
1201	"ãĤĭĊĠĠĠĠoutputĠ=Ġxs"
1202	"äºĮä¹ĹãģĻãĤĭĊĠĠĠĠresult"
1203	"ç®ĹãģĹãģ¦ãĢģ"
1204	"kĠ<=Ġvalue"
1205	"ãĤĴæĬľãģį"
1206	"ãģ«ãģĹãĢģ"
1207	"ä¸¦ãģ³ãĤĴéĢĨ"
1208	"ķãģĦãģ¦ãĢģ"
1209	"ãĤĴæ®ĭãģĻãĤĪãģĨ"
1210	"kãĤĪãĤĬãĤĤå¤§ãģįãģªåĢ¤"
1211	"ķãģısolveéĸ¢æķ°ãĤĴæĽ¸"
1212	"åıĸãĤĬãĢģkä»¥ä¸Ĭãģ®"
1213	"¶ļ"
1214	"*Ġ3ĠforĠvalueĠinĠresult"
1215	"2åĢįãģĻãĤĭĊĠĠĠĠresult"
1216	"ãģłãģĳãĤĴæ®ĭãģĻãĤĪãģĨ"
1217	",Ġreverse=True)ĊĠĠĠĠ#Ġ"
1218	"åĪĹæĮĻ"
1219	"ç¶ļ"
1220	"*Ġ3ĠforĠvalueĠinĠoutput"
1221	"è¦ģç´łãģ®"
1222	"kãĤĴæ¸ĽãĤī"
1223	"ãĤĴä¿ĿæĮģãģĻ"
1224	"ãĤĴåıĸãĤĬåĩºãģĹãģ¦ãĢģ"
1225	"ãģ¾"
1226	"Ġ=Ġ[-xĠforĠxĠinĠresult"
1227	"ãĤĴåĪĩãĤĬéĽ¢"
1228	"xs]ĊĠĠĠĠresult"
1229	"2åĢįãģĻãĤĭĊĠĠĠĠoutput"
1230	"ãģ«kãĤĴåĬłãģĪãģ¦ãĢģ"
1231	"ãģ«çµŀ"
1232	"Ġ=Ġ[-xĠforĠxĠinĠoutput"
1233	"sorted(result)[::-1"
1234	"ãĢģãģĿãģ®å¾Įãģ§"
1235	"sorted(output)[::-1"
1236	"xs]ĊĠĠĠĠoutput"
1237	"ãĥªãĤ¹ãĥĪãģ®"
1238	"åıĸãĤĬãĢģåĲĦãĥĩãĥ¼ãĤ¿"
1239	"åħĪéłŃkåĢĭ"
1240	"åī"
1241	"å°ıãģķãģª"
1242	"kä»¥ä¸Ĭãģ§ãģĤãĤĭ"
1243	"kãĤĴè¶ħ"
1244	"å°ıãģķãģªåĢ¤"
1245	"æķ°åĪĹãģ®"
1246	"ãĤĴå¹³æĸ¹ãģĹãģ¦ãĢģ"
1247	"ãģłãģĳãĤĴæĬ½åĩºãģĹãĢģ"
1248	"¢º"
1249	"«¯"
1250	"ç«¯"
1251	"ãĤĴç¢º"
1252	"ãĤĴ3åĢį"
1253	"ãĤĴç¢ºä¿Ŀ"
1254	"åīį"
1255	"åıĸãĤĬãĢģåĢ¤ãĤĴéĻį"
1256	"kĠ>Ġvalue:ĊĠĠĠĠĠĠĠĠĠĠĠĠ"
1257	"®ãģĹ"
1258	"·®ãģĹ"
1259	"kãĤĴå·®ãģĹ"
1260	"ãģ»"
1261	"valueĠ**Ġ2"
1262	"**Ġ2"
1263	"æķ´æķ°ãĥªãĤ¹ãĥĪxsãģ®"
1264	"ãģ»ãģĨ"
1265	"0Ġ<Ġx:ĊĠĠĠĠĠĠĠĠĠĠĠĠ"
1266	"kĠ>=Ġx:ĊĠĠĠĠĠĠĠĠĠĠĠĠ"
1267	"kãĤĪãĤĬãĤĤå°ıãģķãģĦåĢ¤"
1268	"kĠ<Ġx:ĊĠĠĠĠĠĠĠĠĠĠĠĠ"
1269	"ãģ¤"
1270	"valueĠ*Ġ"
1271	"0Ġ>Ġx:ĊĠĠĠĠĠĠĠĠĠĠĠĠ"
1272	"åıĸãĤĬãĢģè²łãģ®åĢ¤"
1273	"kãĤĴå·®ãģĹå¼"
1274	"0Ġ>Ġvalue:ĊĠĠĠĠĠĠĠĠĠĠĠĠ"
1275	"0Ġ<Ġvalue:ĊĠĠĠĠĠĠĠĠĠĠĠĠ"
1276	"ãĤĴåıĸãģ£ãģ¦ãĢģ"
1277	"ãĤĴä¿ĿæĮģãģĹãĢģ"
1278	"output[::-1"
1279	"kĠ>Ġx:ĊĠĠĠĠĠĠĠĠĠĠĠĠ"
1280	"kĠ<Ġvalue:ĊĠĠĠĠĠĠĠĠĠĠĠĠ"
1281	"kãĤĪãĤĬãĤĤå¤§ãģįãģĦåĢ¤"
1282	"ç«¯kåĢĭ"
1283	"ãĤĤãģ®ãģĭãĤīå¤§ãģįãģĦ"
1284	"0Ġ==ĠxĠ%"
1285	"kãĤĴè¶³"
1286	"ãģªãģĮãĤīãĢģ"
1287	"list(reversed(xs))ĊĠĠĠĠ"
1288	"0Ġ==ĠxĠ%Ġ2"
1289	"valueĠ%Ġk:ĊĠĠĠĠĠĠĠĠĠĠĠĠ"
1290	"result[::-1"
1291	"kãģ®åĢįæķ°ãģłãģĳ"
1292	"æŃ£ãģ®åĢ¤ãģłãģĳ"
1293	"kãĤĪãĤĬå¤§ãģįãģªåĢ¤"
1294	"kĠ<=Ġx:ĊĠĠĠĠĠĠĠĠĠĠĠĠ"
1295	"Ġk]ĊĠĠĠĠ#ĠåĲĦè¦ģç´łãĤĴ"
1296	"valueĠ%Ġ2:ĊĠĠĠĠĠĠĠĠĠĠĠĠ"
1297	"åıĸãĤĬãĢģåĲĦåĢ¤"
1298	"éħ"
1299	"éħį"
1300	"ä¸¦ãģ°ãģĽãģ¦ãĢģ"
1301	"åĲĦæķ°ãģ®"
1302	"[:k]ĊĠĠĠĠreturnĠresultĊ"
1303	"ãĤĴå¼ķãģįç¶ļ"
1304	"ãĤ¼ãĥŃãģłãģĳãĤĴæ®ĭãģĻ"
1305	"ãģĻãģ¹ãģ¦ãģ®æķ°ãģ®"
1306	"æŀ"
1307	"Ĳæŀ"
1308	"çµĲæŀ"
1309	"çµĲæŀľ"
1310	"åīįkåĢĭ"
1311	"ãģ¶solveéĸ¢æķ°ãĤĴæĽ¸"
1312	"ãģĿãĤĮãģŀãĤĮãģ®æķ°"
1313	"ãĤĴåıİéĽĨ"
1314	"ãģ§ãĢģ"
1315	"kãĤĴè¶ħãģĪãĤĭåĢ¤"
1316	"[:k]ĊĠĠĠĠreturnĠoutputĊ"
1317	"åĽ"
1318	"ä¸ĬåĽ"
1319	"ä¸ĬåĽŀ"
1320	"kãĤĴä¸ĬåĽŀ"
1321	"ãĤĴæĭ¾ãģ£ãģ¦ãĢģ"
1322	"ãĤĴä¿ĿåŃĺãģĹãģ¦ãĢģ"
1323	"ãģĭãĤīkãĤĴå¼ķãģįãĢģ"
1324	"]ĊĠĠĠĠresultĠ=Ġ[valueĠ"
1325	"ä½ĵ"
1326	"))ĊĠĠĠĠreturnĠoutputĊ"
1327	"æŃ£è²łãĤĴ"
1328	"åħ¨ä½ĵ"
1329	"outputĠ=Ġsorted(result"
1330	"ãĤĴåĪĩãĤĬåĩºãģĻ"
1331	"ãģ»ãģĨãģĭãĤī"
1332	"))ĊĠĠĠĠreturnĠresultĊ"
1333	"ãĤĴåĪĩãĤĬæĬľãģĦãģ¦ãĢģ"
1334	"ãĤĴä½"
1335	"ãĤĴæ®ĭãģĹãģ¦ãģĬãģįãĢģ"
1336	"resultĠ=Ġsorted(output"
1337	"ãĤĴåıĸå¾ĹãģĹãģ¦ãĢģ"
1338	"åħ¨ãģ¦ãģ®æķ°"
1339	"ĠkĠforĠxĠinĠxs]ĊĠĠĠĠ#Ġ"
1340	"Ļ¤"
1341	"ãģĭãĤīkãĤĴãģ²"
1342	"åħĪéłŃãģ®kåĢĭ"
1343	"ãĤĴãģ²ãģ£ãģıãĤĬãģĭãģĪ"
1344	"sorted(xs)[::-1"
1345	"ãĤĬåĩºãģĹãģ¦ãĢģ"
1346	"ãģĭãĤīkãĤĴå·®ãģĹå¼"
1347	"ãĤĴèŃĺ"
1348	"ãĤĴèŃĺåĪ¥"
1349	"åĢ¤ãĤĴéĻįéłĨãģ«"
1350	"]ĊĠĠĠĠoutputĠ=Ġ[valueĠ"
1351	"ãģłãģĳãĤĴéģ¸ãģ³åĩº"
1352	"valueĠ*Ġvalue"
1353	"xs:ĊĠĠĠĠĠĠĠĠifĠxĠ%Ġ2Ġ"
1354	"ãĤĴéĻ¤"
1355	"ãģ®ãģ¿ãĤĴæĬ½åĩºãģĻ"
1356	"å¥ĩæķ°ãģłãģĳãĤĴæ®ĭãģĻ"
1357	"ãĤģãģ¦ãĢģ"
1358	"ãģĹãģ¦ãģĬãģįãĢģ"
1359	"ä¸Ĭãģ§ãĢģ"
1360	"ãģķãģĽãĢģ"
1361	"åħ¨ãģ¦ãģ®è¦ģç´łãĤĴ"
1362	"è¦ģç´łãģ«kãĤĴãģĭãģĳ"
1363	"æĬ½åĩº"
1364	"ãģĿãĤĮãģŀãĤĮãģ®"
1365	"ãĤĵãģ§ãĢģ"
1366	"äºĮä¹ĹãģĻãĤĭĊĠĠĠĠ"
1367	">Ġk]ĊĠĠĠĠ#Ġ"
1368	"ãĤ¼ãĥŃãģ®ãģ¿ãĤĴæ®ĭ"
1369	"ľĢ"
1370	"ãĤĴæĬľãģįåĩºãģĹãģ¦ãĢģ"
1371	"åĢ¤ãĤĴéĻįéłĨãģ«ä¸¦ãģ¹"
1372	"ãģ®åĢ¤ãĤĴä¸īåĢį"
1373	"ľĢãĤĤ"
1374	"ãģŁä¸Ĭãģ§ãĢģ"
1375	"Ģī"
1376	"éĢī"
1377	"İãģĦ"
1378	"2åĢįãģ«"
1379	"ĽéĢī"
1380	"ŃĽéĢī"
1381	"ãģĨsolveéĸ¢æķ°ãĤĴæĽ¸"
1382	"3åĢįãģĻãĤĭĊĠĠĠĠ"
1383	"<Ġk"
1384	"åıĸãĤĬåĩºãģĹãģ¦ãĢģ"
1385	"åĢ¤ãĤĴæľĢãĤĤ"
1386	"kãĤĪãĤĬå°ıãģķãģĦåĢ¤"
1387	"ãĤĴçŃĽéĢī"
1388	">Ġk"
1389	"åıĸãĤĬãĢģéļĶçķªãģ§"
1390	"kãĤĴæ¸ĽãĤīãģĹãģ¦ãĢģ"
1391	"ãģ«kãĤĴè¶"
1392	"ãģ«kãĤĴè¶³"
1393	"resultĠifĠkĠ>=Ġ"
1394	"outputĠifĠkĠ<Ġ"
1395	"çµĤ"
1396	"ãĤĴç¢ºä¿ĿãģĹãģ¦ãĢģ"
1397	"ªä¹Ĺ"
1398	"ĩªä¹Ĺ"
1399	"ãĤĴèĩªä¹Ĺ"
1400	"<Ġk]ĊĠĠĠĠ#Ġ"
1401	"outputĠifĠkĠ>=Ġ"
1402	"resultĠifĠkĠ>Ġ"
1403	"outputĠifĠ0Ġ<Ġ"
1404	"resultĠifĠ0Ġ<Ġ"
1405	"resultĠifĠkĠ<Ġ"
1406	"åĲĦæķ°åĢ¤"
1407	"éłĨåºıãĤĴéĻį"
1408	"2åĢįãģĻãĤĭĊĠĠĠĠ"
1409	"output]ĊĠĠĠĠoutput"
1410	"outputĠifĠkĠ>Ġ"
1411	"ä¸¦ãģ³ãģĭãģĪ"
1412	"ãĤĴéģ¸ãĤĵãģ§æ®ĭãģĹãĢģ"
1413	"result]ĊĠĠĠĠresult"
1414	"outputĠifĠ0Ġ>Ġ"
1415	"kãģ§"
1416	"å°ıãģķãģĦãĤĤãģ®ãģĭãĤī"
1417	">Ġk]ĊĠĠĠĠreturnĠoutputĊ"
1418	"resultĠifĠ0Ġ>Ġ"
1419	"ãĤĴåĪĩãĤĬåĩºãģĹãĢģ"
1420	"outputĠifĠkĠ<=Ġ"
1421	"ç¬¦åı·ãĤĴåıįè»¢ãģĹãĢģ"
1422	"result]ĊĠĠĠĠ#Ġ"
1423	"resultĠifĠkĠ<=Ġ"
1424	"Ġ=Ġ[xĠ*ĠkĠforĠxĠinĠxs"
1425	"ãģ¦ãĢģãģĿãģ®å¾Į"
1426	"åĬ"
1427	">Ġ0]ĊĠĠĠĠreturnĠoutputĊ"
1428	"ãģĹãģ¦æ®ĭãģĹãģ¦ãĢģ"
1429	"ãģ¨ãģ£ãģ¦ãĢģ"
1430	"ãģŁå¾Įãģ«"
1431	"kãĤĴä¹Ĺ"
1432	"ãĤĴãģ²ãģ£ãģıãĤĬè¿Ķ"
1433	"ãģ¸"
1434	"resultĠifĠ0Ġ==ĠxĠ%"
1435	"åħĥ"
1436	"ãĤĴkãģ§"
1437	"æŃ£è²łãĤĴåıįè»¢ãģķãģĽ"
1438	"ãģ«kãĤĴæİĽãģĳ"
1439	">Ġ0]ĊĠĠĠĠreturnĠresultĊ"
1440	"resultĠifĠxĠ%ĠkĠ==Ġ0"
1441	"ãĥ¬"
1442	"¯ãĥĪ"
1443	"»ãĥ¬"
1444	"ãĤ¯ãĥĪ"
1445	"ãĤ»ãĥ¬"
1446	"ãĤĴãĤ»ãĥ¬"
1447	"resultĠifĠxĠ<=Ġk"
1448	"ãĤĴãĤ»ãĥ¬ãĤ¯ãĥĪ"
1449	"outputĠifĠvalueĠ<=Ġk"
1450	"ãĤĴäºĮä¹ĹãģĻ"
1451	"0Ġ==Ġx:ĊĠĠĠĠĠĠĠĠĠĠĠĠ"
1452	"ãĤĴæĬ½åĩºãģĻ"
1453	"ãĤĤãģ®ãģ¸ä¸¦ãģ¹ãģ¦ãĢģ"
1454	"åĪĹæĮĻãģĹãģ¦ãĢģ"
1455	"x]ĊĠĠĠĠ#ĠåĲĦè¦ģç´łãĤĴ"
1456	"ķãģıĊĠĠĠĠoutputĠ=Ġ[xĠ-"
1457	"ãģłãģĳãĤĴæ®ĭãģĻãģĵãģ¨"
1458	"ãĤĴå¼ķãģįç¶ļãģį"
1459	"-value"
1460	"valueĠ>Ġ0:ĊĠĠĠĠĠĠĠĠĠĠĠĠ"
1461	"åģ¶æķ°ãģłãģĳãĤĴæ®ĭãģĻ"
1462	"åħ¨ãģ¦ãģ®éłħçĽ®"
1463	"valueĠ>Ġk:ĊĠĠĠĠĠĠĠĠĠĠĠĠ"
1464	"output]ĊĠĠĠĠ#Ġ"
1465	"outputĠifĠxĠ<Ġ0"
1466	"éłĨåºıãĤĴéĢĨè»¢"
1467	"åĢ¤ãģ®æŃ£è²ł"
1468	"outputĠifĠ0Ġ==ĠvalueĠ%"
1469	">Ġk]ĊĠĠĠĠreturnĠresultĊ"
1470	"ãģ«ãģĹãģ¦ãĢģãģĿãģ®å¾Į"
1471	"ãģĻãĤĭĊĠĠĠĠresultĠ=Ġ[-"
1472	"ãĤĴåĪĩãĤĬæĽ¿ãģĪ"
1473	"ãĤ¼ãĥŃãĤĴæĬ½åĩº"
1474	"valueĠ<Ġk:ĊĠĠĠĠĠĠĠĠĠĠĠĠ"
1475	"*Ġ2ĠforĠvalueĠinĠxs"
1476	"outputĠifĠxĠ%ĠkĠ==Ġ0"
1477	"éłĨåºıãĤĴåıįè»¢ãģĹãĢģ"
1478	"outputĠifĠxĠ==Ġ0"
1479	"æĪ"
1480	"ķãģıĊĠĠĠĠresultĠ=Ġ[xĠ-"
1481	"è¨Īç®Ĺ"
1482	"æĪĲ"
1483	"ãĤĴåĪĩãĤĬéĽ¢ãģĹãģ¦ãĢģ"
1484	"resultĠifĠxĠ==Ġ0"
1485	"outputĠifĠvalueĠ==Ġ0"
1486	"<Ġk]ĊĠĠĠĠreturnĠoutputĊ"
1487	"åĲĦè¦ģç´łãĤĴä¸īåĢį"
1488	"kãĤĴåĬł"
1489	"æŃ£ãģ®åĢ¤ãģ®ãģ¿"
1490	"ãģĻãĤĭĊĠĠĠĠoutputĠ=Ġ[-"
1491	"å¤īãģĪ"
1492	"å¾Įç«¯kåĢĭ"
1493	"outputĠifĠxĠ<=Ġk"
1494	"ãĤĴè¨Īç®ĹãģĹãĢģ"
1495	"valueĠ<Ġ0:ĊĠĠĠĠĠĠĠĠĠĠĠĠ"
1496	"resultĠifĠxĠ>=Ġk"
1497	"<Ġk]ĊĠĠĠĠreturnĠresultĊ"
1498	"çķĻ"
1499	"resultĠifĠvalueĠ<=Ġk"
1500	"ãĤĴæ®ĭãģĻãĤĪãģĨãģ«"
1501	"è¦ģç´łãģ"
1502	"resultĠifĠxĠ%Ġ2Ġ==Ġ0"
1503	"łãģ«å¤īãģĪ"
1504	"outputĠifĠ0Ġ!=ĠxĠ%Ġ2"
1505	"outputĠifĠ0Ġ==ĠxĠ%"
1506	"æķ°ãģ®ç¬¦åı·"
1507	"resultĠifĠvalueĠ<Ġ0"
1508	"Ġ=Ġ[xĠ+ĠkĠforĠxĠinĠxs"
1509	"ãĥªãĥ³ãĤ°ãģĹãģ¦ãĢģ"
1510	"[xĠforĠxĠinĠ"
1511	"éħįåĪĹ"
1512	"resultĠifĠxĠ<Ġ0"
1513	"åĢ¤ãģ®ç¬¦åı·"
1514	"¡Į"
1515	"åİ"
1516	"åİ»"
1517	"[valueĠforĠvalueĠinĠ"
1518	"æŃ£è²łãĤĴãģ²ãģ£ãģıãĤĬ"
1519	"éłĨãģ«ä¸¦ãģ°ãģĽãģ¦ãĢģ"
1520	"resultĠifĠxĠ%Ġ2Ġ!=Ġ0"
1521	"resultĠifĠvalueĠ==Ġ0"
1522	"æķ°ãģ®æŃ£è²ł"
1523	"ãĤĴçķĻ"
1524	"ãģŁåĢ¤"
1525	"outputĠifĠxĠ>=Ġk"
1526	"åŃ"
1527	"ãĤĭĊĠĠĠĠoutputĠ=Ġ[xĠ*"
1528	"åŃĹ"
1529	"«ĺ"
1530	"outputĠifĠxĠ%Ġ2Ġ!=Ġ0"
1531	"resultĠifĠvalueĠ>=Ġk"
1532	"outputĠifĠ0Ġ==ĠxĠ%Ġ2"
1533	"ãĤĴé«ĺ"
1534	"ãĤīãģ«"
1535	"ãĤĴå¼ķãģįåĩºãģĹãģ¦ãĢģ"
1536	"åĢ¤ãĤĴé«ĺ"
1537	"resultĠifĠ0Ġ==ĠxĠ%Ġ2"
1538	"å®"
1539	"sorted(xs)ĊĠĠĠĠ"
1540	"å®ļ"
1541	"ãĤĭĊĠĠĠĠresultĠ=Ġ[xĠ*"
1542	"ãĤĴéĢĨãģ«"
1543	"¹å®ļ"
1544	"ī¹å®ļ"
1545	"ãĤĴçī¹å®ļ"
1546	"ãģĭãĤīkãĤĴãģ²ãģĦãģ¦ãĢģ"
1547	"outputĠifĠxĠ%Ġ2Ġ==Ġ0"
1548	"ãģķãĤīãģ«"
1549	"outputĠifĠvalueĠ>=Ġk"
1550	"éĸ¢æķ°ãĤĴå®Łè£"
1551	"[:k]ĊĠĠĠĠ#Ġ"
1552	"ä¸¦ãģ³ãĤĴåıįè»¢"
1553	"ãĤĴéĻ¤åİ»"
1554	"]ĊĠĠĠĠoutputĠ=Ġ[valueĠ*"
1555	"ºåĪ¥"
1556	"ĮºåĪ¥"
1557	"ãģĻãģ¹ãģ¦ãģ®è¦ģç´łãģ®"
1558	"ãĤĴæ®ĭãģĹãĢģãģĿãģ®å¾Į"
1559	"ãģªãģĦ"
1560	"resultĠifĠ0Ġ<Ġvalue"
1561	"ãĤĴåĮºåĪ¥"
1562	"åıĸãĤĬãĢģkä»¥ä¸Ĭ"
1563	"æŃ£ãģ®åĢ¤ãģ®ãģ¿ãĤĴæ®ĭ"
1564	"åĪĩãĤĬ"
1565	"Ġ=Ġ[xĠ-ĠkĠforĠxĠinĠxs"
1566	"ķãģıéĸ¢æķ°solveãĤĴå®Łè£"
1567	"outputĠifĠ0Ġ==Ġvalue"
1568	"ĬãģĦãģ¦ãĢģ"
1569	"åħ¨ãģ¦ãģ®åĢ¤"
1570	"éłŃkåĢĭ"
1571	"ãĤĴåĪĩãĤĬãģ¨ãģ£ãģ¦ãĢģ"
1572	"outputĠifĠvalueĠ<Ġ0"
1573	"ãģ¦ãĢģæľĢå¾Įãģ«"
1574	"ãģłãģĳãĤĴéģ¸ãģ³ãĢģ"
1575	"resultĠifĠ0Ġ==ĠvalueĠ%"
1576	"ãĤĴè¨Īç®ĹãģĻ"
1577	"]]Ċ"
1578	"resultĠifĠ0Ġ!=ĠxĠ%Ġ2"
1579	"åıĸãĤĬãĢģåĢ¤ãĤĴæĺĩ"
1580	"ãĤĴè¡Į"
1581	"[0:k]ĊĠĠĠĠresult"
1582	"ãĤĴéģ¸ãģ³åĩº"
1583	"ãĤĭĊĠĠĠĠresultĠ=Ġ[xĠ+"
1584	"ãģĻãģ¹ãģ¦ãģ®è¦ģç´ł"
1585	"[:k]ĊĠĠĠĠresult"
1586	"ãĤĴæ®ĭãģĹãģªãģĮãĤīãĢģ"
1587	"[0:k]ĊĠĠĠĠ#Ġ"
1588	"[::2]ĊĠĠĠĠ#Ġ"
1589	"[0:k]ĊĠĠĠĠoutput"
1590	"outputĠifĠ0Ġ>Ġvalue"
1591	"resultĠifĠkĠ<Ġvalue"
1592	"[:k]ĊĠĠĠĠoutput"
1593	"çµ¶å¯¾åĢ¤ãĤĴåıĸ"
1594	"outputĠifĠ0Ġ<Ġvalue"
1595	"ãĤĭĊĠĠĠĠoutputĠ=Ġ[xĠ+"
1596	"valueĠ-Ġk]ĊĠĠĠĠ#Ġ"
1597	"*Ġk]ĊĠĠĠĠ#Ġ"
1598	"ãģ¶solveéĸ¢æķ°ãĤĴå®Łè£"
1599	"ľæĪĲ"
1600	"outputĠifĠkĠ<Ġvalue"
1601	"ãģ«ãģĹãģ¦ãģĭãĤī"
1602	"resultĠifĠ0Ġ==Ġvalue"
1603	"åıĸãĤĬãĢģçı¾åľ¨ãģ®"
1604	"resultĠifĠkĠ>=Ġvalue"
1605	"ãĤĬåĩºãģĹãĢģ"
1606	"çĲ"
1607	"çĲĨ"
1608	"åıİéĽĨ"
1609	"åĢ¤ãĤĴå¹³æĸ¹"
1610	"ãĤĴä½ľæĪĲ"
1611	"[-k:]ĊĠĠĠĠ#Ġ"
1612	"valueĠ*Ġk]ĊĠĠĠĠ#Ġ"
1613	"ãĤĴä¿ĿåŃĺãģĹãĢģ"
1614	"valueĠ-Ġk"
1615	"å¥ĩæķ°ãģłãģĳ"
1616	"-Ġk]ĊĠĠĠĠ#Ġ"
1617	"[0::2]ĊĠĠĠĠ#Ġ"
1618	"resultĠifĠ0Ġ>Ġvalue"
1619	"ãģ¦æ®ĭãģĹãģ¦ãĢģ"
1620	"xsĠifĠvalueĠ>Ġ0"
1621	"xsĠifĠvalueĠ<Ġ0"
1622	"]ĊĠĠĠĠresultĠ=Ġ[valueĠ*"
1623	"outputĠifĠkĠ>=Ġvalue"
1624	"ãģłãģĳãĤĴæ®ĭãģĹ"
1625	"ãģªãģĦåĢ¤"
1626	"[-k::]ĊĠĠĠĠ#Ġ"
1627	"outputĠifĠkĠ>Ġvalue"
1628	"ãģķãģ«"
1629	"kãĤĪãĤĬãĤĤå°ıãģķãģªåĢ¤"
1630	"åıĸãĤĬãĢģæľ«å°¾kåĢĭ"
1631	"resultĠifĠkĠ>Ġvalue"
1632	"ãĤĴéģ¸ãģ³ãĢģ"
1633	"åģ¶æķ°ãģ®ãģ¿ãĤĴæ®ĭ"
1634	"xsĠifĠvalueĠ<=Ġk"
1635	"*Ġk"
1636	"ķãģįãĢģ"
1637	"åĲĦè¦ģç´łãĤĴäºĮä¹ĹãģĻ"
1638	"ç¬¦åı·ãĤĴåıįè»¢ãģĻ"
1639	"İãģĦéłĨãģ«ä¸¦ãģ¹ãģ¦ãĢģ"
1640	"æı"
1641	"æıĽ"
1642	"-Ġk"
1643	"kä»¥ä¸Ĭãģ®ãĥĩãĥ¼ãĤ¿"
1644	"xsĠifĠ0Ġ==ĠvalueĠ%Ġ2"
1645	"ãģ®æķ°ãĤĴä¸īåĢį"
1646	"ãģ®ãģ¿ãĤĴæĬ½åĩºãģĹãĢģ"
1647	"åħ¨ãģ¦"
1648	"ãģ®è¦ģç´ł"
1649	"[-k:]ĊĠĠĠĠoutput"
1650	"åıĸãĤĬãĢģåħĪéłŃkåĢĭ"
1651	"ãĤĴèĩªä¹ĹãģĹãģ¦ãĢģ"
1652	"ãģ«çµŀãģ£ãģ¦ãĢģ"
1653	"outputĠifĠkĠ<=Ġvalue"
1654	"xs:ĊĠĠĠĠĠĠĠĠifĠkĠ>=Ġ"
1655	"xs]ĊĠĠĠĠ#ĠåĲĦè¦ģç´łãĤĴ"
1656	"[-k:]ĊĠĠĠĠresult"
1657	"valueĠ*Ġk"
1658	"æĭ¾"
1659	"outputĠ=Ġoutput[::-1"
1660	"ãĤį"
1661	"å¥ĩæķ°ãģ®ãģ¿ãĤĴæ®ĭ"
1662	"resultĠifĠkĠ<=Ġvalue"
1663	"xsĠifĠvalueĠ==Ġ0"
1664	"Ĵãģ«"
1665	"åģ¶æķ°ãģłãģĳãĤĴæĬ½åĩº"
1666	"çµ¶å¯¾åĢ¤ãĤĴå"
1667	"xsĠifĠ0Ġ==ĠvalueĠ%"
1668	"¤äº"
1669	"äº¤äº"
1670	"éģ¸ãģ£ãģ¦ãĢģ"
1671	"äº¤äºĴãģ«"
1672	"kãĤĴä¸ĬåĽŀãĤĭåĢ¤"
1673	"ãĤĴ2åĢįãģ«ãģĻ"
1674	"åĢ¤ãģ®éłĨåºıãĤĴéĻį"
1675	"2åĢįãģ«ãģĹãģ¦ãĢģ"
1676	"ãģĻãģ¹ãģ¦"
1677	"ãģĿãĤĮãĤī"
1678	"returnĠ[xĠforĠxĠinĠ"
1679	"+Ġk"
1680	"valueĠ+Ġk"
1681	"ãģ£ãģŁåĢ¤"
1682	"åł"
1683	"ãĤĴè£"
1684	"ãĤĴè£ı"
1685	"æĥ"
1686	"ħåł"
1687	"ãĤĴè£ıè¿Ķ"
1688	"æĥħåł"
1689	"æĥħåł±"
1690	"sorted(output)ĊĠĠĠĠ"
1691	"kãĤĴä¸ĬåĽŀãģ£ãģŁåĢ¤"
1692	"åıĸãĤĬãĢģåģ¶æķ°ãģłãģĳ"
1693	"xsĠifĠ0Ġ!=ĠvalueĠ%Ġ2"
1694	"resultĠ=Ġresult[::-1"
1695	"ãĤģãĤĭsolveéĸ¢æķ°ãĤĴæĽ¸"
1696	"xsĠifĠvalueĠ%ĠkĠ==Ġ0"
1697	"åıĸãĤĬãĢģåĲĦæķ°åĢ¤"
1698	"ĬãģĪãĤĭåĢ¤"
1699	"result]ĊĠĠĠĠoutput"
1700	"xĠ%Ġk:ĊĠĠĠĠĠĠĠĠĠĠĠĠ"
1701	"kãĤĴè¶ĬãģĪãĤĭåĢ¤"
1702	"xsĠifĠvalueĠ>=Ġk"
1703	"sorted(result)ĊĠĠĠĠ"
1704	"[-k::]ĊĠĠĠĠoutput"
1705	"xsĠifĠvalueĠ%Ġ2Ġ==Ġ0"
1706	"0ãĤĪãĤĬ"
1707	"[-k::]ĊĠĠĠĠresult"
1708	"ãĤĴä¿Ŀãģ¤"
1709	"ãģĭãĤīkãĤĴå¼ķãģĦ"
1710	"ä¸¦ãģ³ãģĭãģĪãģ¦ãĢģ"
1711	"outputĠ=Ġxs[::-1"
1712	"+Ġk]ĊĠĠĠĠ#Ġ"
1713	"[0::2]ĊĠĠĠĠresult"
1714	"ķãģįç®Ĺ"
1715	"xĠ%Ġ2:ĊĠĠĠĠĠĠĠĠĠĠĠĠ"
1716	"kãĤĴåĬłç®Ĺ"
1717	"#ĠkãĤĪãĤĬå¤§ãģįãģĦ"
1718	"ãĤ¼ãĥŃãģłãģĳãĤĴæ®ĭ"
1719	"ãĤĴkãģ§æ"
1720	"ãĤĴkãģ§æ¸ĽãĤī"
1721	"[0::2]ĊĠĠĠĠoutput"
1722	"ãĤĴéģ¸ãĤĵãģ§åĩº"
1723	"ãĤĴæ®ĭãģĹãģŁå¾ĮãĢģ"
1724	"éłĨåºıãĤĴéĢĨãģ«"
1725	"ãĤĴåıĸå¾ĹãģĻ"
1726	"å¤ī"
1727	"2åĢįãģ«ãģĻ"
1728	"xsĠifĠvalueĠ%Ġ2Ġ!=Ġ0"
1729	"[::2]ĊĠĠĠĠoutput"
1730	"#Ġkãģ®åĢįæķ°"
1731	"xs:ĊĠĠĠĠĠĠĠĠifĠkĠ<=Ġ"
1732	"output]ĊĠĠĠĠresult"
1733	"æľĢå¾Įãģ®kåĢĭ"
1734	"resultĠ=Ġxs[::-1"
1735	"æľĢå¾ĮkåĢĭ"
1736	"ãĤĴéģ¸åĪ¥"
1737	"ãĤĴåıİéĽĨãģĹãģ¦ãĢģ"
1738	"valueĠforĠvalueĠinĠxs"
1739	"ıãĤĬ"
1740	"ãĤıãĤĬ"
1741	"å¥ĩæķ°ãĤĴæĬ½åĩº"
1742	"çµĤãĤıãĤĬ"
1743	"è¦ģç´łãĤĴæ®ĭãģĹãĢģ"
1744	"*Ġ3ĠforĠvalueĠinĠxs"
1745	"valueĠ+Ġk]ĊĠĠĠĠ#Ġ"
1746	"[xĠ"
1747	"ãĤĴæĬ½åĩºãģĹãģŁå¾ĮãĢģ"
1748	"çµĤãĤıãĤĬãģĭãĤīkåĢĭ"
1749	"#Ġkä»¥ä¸ĭãģ®åĢ¤"
1750	"å¤īæıĽ"
1751	"ãģłãģĳãĤĴãĥķãĤ£ãĥ«ãĤ¿"
1752	"åıĸãĤĬãĢģæŃ£ãģ®æķ°"
1753	"ãģĹãģ¦ãĢģkä»¥ä¸ĭãģ®åĢ¤"
1754	"[::2]ĊĠĠĠĠresult"
1755	"åıĸãĤĬãĢģåħĪéłŃãģ®kåĢĭ"
1756	"łãģ«å¤īãģĪãģ¦ãĢģ"
1757	"ãĤĴåĪĩãĤĬæĽ¿ãģĪãģ¦ãĢģ"
1758	"ãĤĭĊĠĠĠĠ#Ġ"
1759	"åĢ¤ãģĮ"
1760	"ãģĹãģ¦ãĢģkãģ®åĢįæķ°"
1761	"outputĠ=Ġ[valueĠ"
1762	"ãģ®ãģ¿ãĤĴä¿ĿæĮģãģĻ"
1763	"ãģĿãģ®çµĲæŀľ"
1764	"åĬłãģ"
1765	"resultĠ=Ġ[valueĠ"
1766	"ãģĹãģ¦æ®ĭãģĹãĢģ"
1767	"åĢ¤ãĤĴæľĢãĤĤä½"
1768	"ãĤĴæĺĩ"
1769	"#ĠkãĤĪãĤĬå°ıãģķãģĦ"
1770	"kåĢį"
1771	"kä»¥ä¸Ĭãģ®ãĤĤãģ®"
1772	"è¦ģç´łãĤĴä¿Ŀ"
1773	"ãģłãģĳãĤĴæ®ĭãģĻĊĠĠĠĠ#Ġ"
1774	"åıĸãĤĬãĢģæķ°åĪĹãģ®"
1775	"åĢ¤ãĤĴä½"
1776	"ãģ®çµ¶å¯¾åĢ¤ãĤĴæ±ĤãĤģ"
1777	"åĲĦåħĥ"
1778	"ãĥªãĥ³ãĤ°ãģĹãĢģ"
1779	"ãģĿãĤĮãģŀãĤĮãģ®éłħçĽ®"
1780	"ãĤĴçķĻãĤģãģ¦ãĢģ"
1781	"ãĤ¼ãĥŃãģłãģĳãĤĴæĬ½åĩº"
1782	"kä»¥ä¸Ĭãģ®éłħçĽ®"
1783	"ãĤĴåĪĨãģĳãģ¦ãĢģ"
1784	"åĢ¤ãĤĴéĻįéłĨãģ«æķ´"
1785	"#Ġkä»¥ä¸Ĭãģ®åĢ¤"
1786	"xsĠifĠ0Ġ<Ġvalue"
1787	"0ãĤĪãĤĬå°ıãģķãģĦåĢ¤"
1788	"x]ĊĠĠĠĠ#ĠkãĤĪãĤĬ"
1789	"ãĤĤãģ®ãģ¸ä¸¦ãģ¹"
1790	"¨ãģĹãģ¦ãĢģ"
1791	"ãĤĴèŃĺåĪ¥ãģĹãģ¦ãĢģ"
1792	"ãģķãģ«ãģĹãĢģ"
1793	"éļĶçķªãģ§åĪĩãĤĬ"
1794	"ãĤĭéĸ¢æķ°ãĤĴå®Łè£"
1795	"åĲĦè¦ģç´łãģ«kãĤĴä¹Ĺ"
1796	"ãģĳãģ¦ãĢģ"
1797	"xsĠifĠ0Ġ==Ġvalue"
1798	"è²łãģ®åĢ¤ãģ®ãģ¿ãĤĴæ®ĭ"
1799	"çĶ"
1800	"æľī"
1801	"ãĤĴä¿Ŀæľī"
1802	"¡çĶ"
1803	"İ¡çĶ"
1804	"åıĸãĤĬãĢģéļĶçķªãģ«"
1805	"xsĠifĠkĠ>=Ġvalue"
1806	"output:Ġlist[int]Ġ=Ġ[-"
1807	"è»¢ãģķãģĽãģ¦ãĢģ"
1808	"ãģ®ãģ¿ãĤĴæ®ĭãģĹãģ¦ãĢģ"
1809	"ãĤĴæİ¡çĶ"
1810	"value)ĠforĠvalueĠinĠxs"
1811	"ãģĿãģ®åĢ¤"
1812	"ãĤ¼ãĥŃãģłãģĳ"
1813	"xsĠifĠ0Ġ>Ġvalue"
1814	"ãĤĴä¸īåĢįãģĻ"
1815	"åıĸãĤĬãĢģåĲĦæķ°ãģ®"
1816	"ãģ®ãģ¿ãĤĴéģ¸ãĤĵãģ§ãĢģ"
1817	"xsĠifĠkĠ>Ġvalue"
1818	"åģ¶æķ°ãģłãģĳãĤĴæ®ĭ"
1819	"ķãģįãĢģãģĿãģ®å¾Į"
1820	"Ġ=Ġ[xĠ*Ġ3ĠforĠxĠinĠxs"
1821	"kä»¥ä¸Ĭãģ®åĢ¤ãĤĴæ®ĭ"
1822	"ãĤģãģ®"
1823	"Ġ=Ġ[-xĠforĠxĠinĠxs"
1824	"sorted(xs)ĊĠĠĠĠ#Ġ"
1825	"ãģ¦è¨Īç®Ĺ"
1826	"ãĤģãĤĭ"
1827	"åĲĦæķ°ãģ®çµ¶å¯¾åĢ¤"
1828	"-Ġk]ĊĠĠĠĠreturnĠoutputĊ"
1829	"ãģŁå¾Įãģ«ãĢģ"
1830	"result:Ġlist[int]Ġ=Ġ[-"
1831	"xsĠifĠkĠ<Ġvalue"
1832	"ãĤĴå¼ķãģįç¶ļãģĦ"
1833	"-Ġk]ĊĠĠĠĠreturnĠresultĊ"
1834	">Ġk]ĊĠĠĠĠoutput"
1835	"çļ"
1836	"å¾ĮãĢģ"
1837	"çļĦ"
1838	"å°ı"
1839	"éłĨåºıãĤĴéĢĨãģ«ãģĹãĢģ"
1840	"ãĤĴåĪĨéĽ¢"
1841	"çµ¶å¯¾åĢ¤ãĤĴè¨Īç®ĹãģĻ"
1842	"éĢĨ"
1843	"ãģĿãģ®ä¸ŃãģĭãĤīå¥ĩæķ°"
1844	"Ġ=Ġ[xĠ*Ġ2ĠforĠxĠinĠxs"
1845	"ãģĻãģ¹ãģ¦ãģ®è¦ģç´łãģ«"
1846	"åĢ¤ãĤĴå°ıãģķãģª"
1847	"ãģ£ãģ¦ãģĭãĤīãĢģ"
1848	"åĢ¤ãĤĴé«ĺãĤģãĤĭ"
1849	"ķãģısolveéĸ¢æķ°ãĤĴå®Łè£"
1850	"ãģ«å¤īæıĽ"
1851	"*Ġ3]ĊĠĠĠĠreturnĠoutputĊ"
1852	"ãģŁãĤģãģ®"
1853	"ãĤĴéĢĨãģ«ãģķãģĽãģ¦ãĢģ"
1854	"åĲĦè¦ģç´łãģ«kãĤĴè¶³"
1855	"ãģ«kãĤĴä¹Ĺç®ĹãģĹãģ¦ãĢģ"
1856	"åĲĦè¦ģç´ł"
1857	"å¾ĹãģĻ"
1858	">Ġk]ĊĠĠĠĠresult"
1859	"åıĸãĤĬåĩº"
1860	"åĢ¤ãĤĴå¤§ãģįãģĦéłĨãģ«"
1861	"¹¶"
1862	"å¹¶"
1863	"ãĤĴæ®ĭãģĹãģªãģĮãĤī"
1864	"çļĦãģ«"
1865	"¤§å°ı"
1866	"çµĤçļĦãģ«"
1867	"è¦ģç´łãĤĴäºĮä¹Ĺ"
1868	"ãĤĭãģĵãģ¨"
1869	"ãĤĴéĢĨè»¢"
1870	"æľĢçµĤçļĦãģ«"
1871	"æŃ£è²łãĤĴéĢĨ"
1872	"åıĸãĤĬãĢģè¦ģç´łãģ®"
1873	"*Ġk]ĊĠĠĠĠreturnĠresultĊ"
1874	"åĲĦéłħçĽ®ãģ«kãĤĴãģĭãģĳ"
1875	"ãģįåĩºãģĹãģ¦ãĢģ"
1876	"ãģ«ãģĹãģ¦ãģĭãĤīãĢģ"
1877	"ãģķãģĽãĢģãģĿãģ®å¾Į"
1878	"*Ġk]ĊĠĠĠĠreturnĠoutputĊ"
1879	"ãģ¾ãģ¾"
1880	"åĲĦåĢ¤ãģĭãĤī"
1881	"ĭãģ¤"
1882	"Ġ=Ġ[abs(x)ĠforĠxĠinĠxs"
1883	"ä¸¦ãģ³ãĤĴéĢĨãģ«ãģĹãĢģ"
1884	"ħãģ®"
1885	"ãĤĴè¦"
1886	"ãĤĴè¦ĭãģ¤"
1887	"ãĥªãĤ¹ãĥĪãĤĴéĢĨ"
1888	"ãģ«ä¸¦ãģ¹ãģ¦ãĢģ"
1889	"¤ľ"
1890	"ãĤĴæ¤ľ"
1891	"outputĠifĠvalueĠ>Ġ0"
1892	"-value]ĊĠĠĠĠ#Ġ"
1893	"åıĸãĤĬãĢģåīįkåĢĭ"
1894	"*Ġ3]ĊĠĠĠĠreturnĠresultĊ"
1895	"outputĠifĠxĠ>Ġ0"
1896	"<Ġk]ĊĠĠĠĠresult"
1897	"ãģĹãģ¦ãĢģkæľªæºĢãģ®åĢ¤"
1898	"ãĤĴè£ıè¿ĶãģĹãĢģ"
1899	"ãĤĴæŃ£"
1900	"æĭ¾ãģ£ãģ¦ãĢģ"
1901	"ãĤĴæŃ£è²"
1902	"æķ°ãģ®ç¬¦åı·ãĤĴåıįè»¢"
1903	"åĢ¤ãģ®ç¬¦åı·ãĤĴéĢĨè»¢"
1904	"]ĊĠĠĠĠoutputĠ=Ġ[valueĠ-"
1905	"éĽĨãĤģãģ¦ãĢģ"
1906	"solveéĸ¢æķ°ãĤĴä½ľæĪĲ"
1907	"returnĠ[xĠ"
1908	"æķ°ãģ®ç¬¦åı·ãĤĴæŃ£è²"
1909	"resultĠifĠvalueĠ>Ġ0"
1910	"ãģ»ãģĨãģĭãĤīä¸¦ãģ¹"
1911	"ãĤĭåĢ¤ãĤĴæ®ĭãģĹãģ¦ãĢģ"
1912	"xsĠifĠkĠ<=Ġvalue"
1913	"ãĤĴçµŀ"
1914	"resultĠifĠxĠ>Ġ0"
1915	"æĵ"
1916	"įä½"
1917	"ľãĤĴè¡Į"
1918	"ãģ®æŃ£è²"
1919	"ç¬¦åı·ãģ®æŃ£è²"
1920	"æĵįä½"
1921	"æĵįä½ľãĤĴè¡Į"
1922	"æķ°ãģ®æŃ£è²łãĤĴåıįè»¢"
1923	"Ŀãģ®"
1924	"ãĤĴåĢĭ"
1925	"łãģĳ"
1926	"åĪ¥ãģ«"
1927	"ãģ¸ä¸¦ãģ¹ãģ¦ãĢģ"
1928	"è¦ģç´łãģłãģĳ"
1929	"ãĤĴåĢĭåĪ¥ãģ«"
1930	"kä»¥ä¸Ĭãģ®æĥħåł±"
1931	"åĢ¤ãĤĴå¹³æĸ¹ãģĹãģ¦ãĢģ"
1932	"outputĠ=Ġresult[::-1"
1933	"åĢ¤ãģ®ç¬¦åı·ãĤĴåıįè»¢"
1934	"ãģĻãģ¹ãģ¦ãģ®æķ°åŃĹ"
1935	"*Ġ2]ĊĠĠĠĠreturnĠoutputĊ"
1936	"kãģ®åĢįæķ°ãģłãģĳãĤĴæ®ĭ"
1937	"åıĸãĤĬãĢģçµ¶å¯¾åĢ¤"
1938	"]ĊĠĠĠĠresultĠ=Ġ[valueĠ-"
1939	"<Ġk]ĊĠĠĠĠoutput"
1940	"ãģ¨ãĢģ"
1941	"resultĠ=Ġoutput[::-1"
1942	"+Ġk]ĊĠĠĠĠreturnĠresultĊ"
1943	"åĲĦéłħçĽ®ãģĭãĤīkãĤĴå¼"
1944	"kãĤĴãģ²ãģĦãģ¦ãĢģ"
1945	"*Ġ2]ĊĠĠĠĠreturnĠresultĊ"
1946	"]ĊĠĠĠĠresultĠ=Ġ[xĠ-"
1947	"valueĠ*Ġ3]ĊĠĠĠĠ#Ġ"
1948	"è²łãģ®æķ°ãģ®ãģ¿ãĤĴæ®ĭ"
1949	"¦çĲĨ"
1950	"ãĤĭæĵįä½ľãĤĴè¡Į"
1951	"ãĤĭãĢģ"
1952	"[xĠforĠxĠinĠxsĠifĠ"
1953	"å°ıãģķãģĦéłĨãģ«ä¸¦ãģ¹"
1954	"ãĤĴéĻ¤åİ»ãģĹãĢģ"
1955	"éłĨåºıãĤĴéĢĨãģ«ãģĻ"
1956	"åıĸãĤĬãĢģæķ°"
1957	"]ĊĠĠĠĠresultĠ=Ġ[-"
1958	"]ĊĠĠĠĠoutputĠ=Ġ[-"
1959	"+Ġk]ĊĠĠĠĠreturnĠoutputĊ"
1960	"è»¢ãģķãģĽ"
1961	"kä»¥ä¸Ĭãģ®è¦ģç´ł"
1962	"output[0:k"
1963	"]ĊĠĠĠĠoutputĠ=Ġ[abs("
1964	"ķãģĦãģ¦ãģĭãĤīãĢģ"
1965	"ãģĹãģ¦ãĢģå¥ĩæķ°"
1966	"åħĪç«¯kåĢĭ"
1967	"]ĊĠĠĠĠoutputĠ=Ġ[xĠ*"
1968	"ãģĹãģ¦è¨Īç®Ĺ"
1969	"]ĊĠĠĠĠoutputĠ=Ġ[xĠ-"
1970	"åĩ¦çĲĨ"
1971	"ãģĻãģĵãģ¨"
1972	"éĸĭ"
1973	"ãģ®åĢ¤ãĤĴ3åĢį"
1974	"*Ġ2]ĊĠĠĠĠ#Ġ"
1975	"éļĶéĸĭ"
1976	"xs]ĊĠĠĠĠ#Ġè²łãģ®"
1977	"è¦ģç´łãĤĴ2åĢį"
1978	")[::-1]ĊĠĠĠĠ#Ġ"
1979	"ãĤĤãģ®ãģĭãĤīå°ıãģķãģĦ"
1980	"ãĤĴçŃĽéĢīãģĹãĢģ"
1981	"ãĤĴäºĮä¹ĹãģĹãģ¦ãģĭãĤī"
1982	"éļĶéĸĭãģĹãģ¦"
1983	"åĬĽ"
1984	"ãģĻéĸ¢æķ°solveãĤĴå®Łè£"
1985	"æį"
1986	"*Ġx]ĊĠĠĠĠ#Ġ"
1987	"İãģĦéłĨãģ«ä¸¦ãģ¹"
1988	"xs]ĊĠĠĠĠ#ĠæŃ£ãģ®åĢ¤"
1989	"ãĤĴéģ¸ãĤĵãģ§åĩºåĬĽ"
1990	"ãģĭãĤīå°ıãģķãģĦåĢ¤"
1991	"éłĨåºıãĤĴåıį"
1992	"è¦ģç´łãģ«kãĤĴä¹Ĺ"
1993	"ãĤĴåıĸæį"
1994	"åıĸãĤĬãĢģkãĤĴ"
1995	"]ĊĠĠĠĠresultĠ=Ġ[xĠ*"
1996	"ç®ĹãģĻ"
1997	"åıį"
1998	"åıİéĽĨãģĹãģ¦ãĢģ"
1999	"åħ¨ãģ¦ãģ®æķ°ãģ®"
2000	"ãĤįãģĭãĤīkåĢĭãĤĴåıĸ"
2001	"]ĊĠĠĠĠresultĠ=Ġ[abs("
2002	"]ĠifĠxĠ"
2003	"*Ġ3]ĊĠĠĠĠ#Ġ"
2004	"ä¸īåĢįãģĹãģ¦ãĢģ"
2005	"Ĺãģ¦ãĢģ"
2006	"resultĠ=Ġ[valueĠ*"
2007	"2åĢįãģ«ãģĹãģ¦ãģĭãĤīãĢģ"
2008	"xs]ĊĠĠĠĠ#Ġåģ¶æķ°"
2009	"ãĢħãģ®"
2010	"åĢĭãĢħãģ®"
2011	"kãĤĪãĤĬå°"
2012	"ãĥªãĤ¹ãĥĪãĤĴéĢĨãģķãģ«"
2013	"valueĠ*Ġ2]ĊĠĠĠĠ#Ġ"
2014	"è¦ģç´łãĤĴåıĸ"
2015	"xs]ĊĠĠĠĠ#ĠãĤ¼ãĥŃ"
2016	"ãĤĴæ®ĭãģĹç¶ļ"
2017	"è²łãģ®æķ°ãģ«çµŀ"
2018	"]ĠifĠvalueĠ"
2019	"åĬłãģĹãģ¦ãĢģ"
2020	"¯İ"
2021	"æ¯İ"
2022	"result[0:k"
2023	"è¦ģç´łæ¯İ"
2024	"]ĊĠĠĠĠresultĠ=Ġ[xĠ+"
2025	"valueĠ*Ġvalue]ĊĠĠĠĠ#Ġ"
2026	"ãģ«æ"
2027	"ãģ®ãģ¿ãĤĴéģ¸ãĤĵãģ§"
2028	"ãģŁçµĲæŀľ"
2029	"ãĤĴéģ¸ãģ³åĩºãģĹãĢģ"
2030	"]ĊĠĠĠĠresultĠ=Ġ[valueĠ+"
2031	"éģ¸ãģ¶solveéĸ¢æķ°ãĤĴæĽ¸"
2032	"ãģ¬"
2033	"åıĸãĤĬãĢģå°ıãģķãģĦ"
2034	"è¦ģç´łåħ¨ãģ¦"
2035	"kä»¥ä¸Ĭãģ§ãģĤãĤĭãĤĤãģ®"
2036	"ãĤĴæ±ĤãĤģãĢģãģĿãģ®å¾Į"
2037	"åĢ¤ãĤĴé«ĺãģĦ"
2038	"¼ç´"
2039	"ł¼ç´"
2040	"outputĠ=Ġ[valueĠ*"
2041	"ãģ¦ãģĦ"
2042	"ł¼ç´į"
2043	"æķ°ãģ«æ"
2044	"]ĊĠĠĠĠoutputĠ=Ġ[xĠ+"
2045	"[:k]ĊĠĠĠĠ#ĠåĲĦè¦ģç´łãĤĴ"
2046	"æķ°ãģ«æł¼ç´į"
2047	"ãģĿãģ®ãģ¾ãģ¾"
