model,suite,passed,total,percentage
boku-15m-1epoch,transfer_1op,88,96,91.66666666666667
boku-15m-1epoch,composition_2op,98,100,98.0
boku-15m-1epoch,transfer_3to2,88,88,100.0
boku-15m-1epoch,repeat_2,94,96,97.91666666666667
boku-15m-1epoch,composition_3op,96,100,96.0
boku-15m-1epoch,repeat_3,94,96,97.91666666666667
boku-15m-1epoch,general_4op,29,100,29.0
boku-15m-1epoch,repeat_abab,70,100,70.0
boku-15m-1epoch,repeat_4,71,96,73.95833333333333
boku-1m-3epoch,transfer_1op,82,96,85.41666666666667
boku-1m-3epoch,composition_2op,99,100,99.0
boku-1m-3epoch,transfer_3to2,88,88,100.0
boku-1m-3epoch,repeat_2,96,96,100.0
boku-1m-3epoch,composition_3op,100,100,100.0
boku-1m-3epoch,repeat_3,95,96,98.95833333333333
boku-1m-3epoch,general_4op,43,100,43.0
boku-1m-3epoch,repeat_abab,78,100,78.0
boku-1m-3epoch,repeat_4,70,96,72.91666666666667
qwen3-1.7b,transfer_1op,60,96,62.5
qwen3-1.7b,composition_2op,34,100,34.0
qwen3-1.7b,transfer_3to2,24,88,27.272727272727273
qwen3-1.7b,repeat_2,43,96,44.791666666666664
qwen3-1.7b,composition_3op,27,100,27.0
qwen3-1.7b,repeat_3,44,96,45.833333333333336
qwen3-1.7b,general_4op,26,100,26.0
qwen3-1.7b,repeat_abab,16,100,16.0
qwen3-1.7b,repeat_4,51,96,53.125
