expression_id,operation_id,operation_ast,canonical_meaning_ja,must_preserve_ja,expression_ja,connective_expression_ja
expr-candidate-20fb8cc14fedfd18b8129bc3b36d4fb78fa9451978ddcc4f62eb4fda1b14cf33,atomic-000001,"{""filter"":[""even""]}",偶数だけを残す,整数の偶数だけを選び、奇数を除く。元の要素順は変えない。,偶数を選んで残す,偶数を選んで残して
expr-candidate-24068ee022766bcfbe70afea35429f5c50ae509c0175223390bed5be7a2fd42d,atomic-000001,"{""filter"":[""even""]}",偶数だけを残す,整数の偶数だけを選び、奇数を除く。元の要素順は変えない。,偶数だけを残す,偶数だけを残し
expr-candidate-4c78cb73db664b1096e56b138d465383b7743e965c165113facb07507a1505e3,atomic-000001,"{""filter"":[""even""]}",偶数だけを残す,整数の偶数だけを選び、奇数を除く。元の要素順は変えない。,偶数を残すようにする,偶数を残して
expr-candidate-7c7d02654e52d89a6840eb3e75329c89cd50b5e19ca284731d88671706c6f694,atomic-000001,"{""filter"":[""even""]}",偶数だけを残す,整数の偶数だけを選び、奇数を除く。元の要素順は変えない。,偶数を取り出す,偶数を取り出して
expr-candidate-a829a48dd90912de7c09d0b7457ea03eaa49baa8e810e577c615a3eff9fb8055,atomic-000001,"{""filter"":[""even""]}",偶数だけを残す,整数の偶数だけを選び、奇数を除く。元の要素順は変えない。,偶数を選び出す,偶数を選び出して
expr-candidate-afd6b59ce828ff918446e348064a2e06c251ce0c8dfc1b7fddc154b8a8e42ee1,atomic-000001,"{""filter"":[""even""]}",偶数だけを残す,整数の偶数だけを選び、奇数を除く。元の要素順は変えない。,偶数だけを保持する,偶数だけを保持して
expr-candidate-b57fa45b81e0d6827710bfbcfd884a1349294e99b24e0dc5e8b9a1e3860ddce3,atomic-000001,"{""filter"":[""even""]}",偶数だけを残す,整数の偶数だけを選び、奇数を除く。元の要素順は変えない。,偶数を残す,偶数を残して
expr-candidate-c043a41e43b69731f6c434967df1d88664d09021667d7ff536400a74dcc63f1e,atomic-000001,"{""filter"":[""even""]}",偶数だけを残す,整数の偶数だけを選び、奇数を除く。元の要素順は変えない。,偶数のみを残す,偶数のみを残して
expr-candidate-cbc89117131c6bc8c85276b0682546748364232136d3fed98bd6678c31800634,atomic-000001,"{""filter"":[""even""]}",偶数だけを残す,整数の偶数だけを選び、奇数を除く。元の要素順は変えない。,偶数を抽出する,偶数を抽出して
expr-candidate-eaf2e26320416a7914c8a2841fcc8025401f09364f069e00287db9e8f273baaa,atomic-000001,"{""filter"":[""even""]}",偶数だけを残す,整数の偶数だけを選び、奇数を除く。元の要素順は変えない。,偶数だけを残しておく,偶数だけを残しておき
expr-candidate-f7042223d104fd143038cc4c5cb329c56aa2f5808e9bdd1db59aa5063cf190e5,atomic-000001,"{""filter"":[""even""]}",偶数だけを残す,整数の偶数だけを選び、奇数を除く。元の要素順は変えない。,偶数だけを留める,偶数だけを留めて
expr-candidate-28d7485d312f81135dccad00c40e517fb231cd374122eefb7092bbd67293c46d,atomic-000001,"{""filter"":[""even""]}",偶数だけを残す,整数の偶数だけを選び、奇数を除く。元の要素順は変えない。,偶数を切り抜く,偶数を切り抜いて
expr-candidate-f88e5ebe30303fce3fdb3eabda47cd6458a7ca9d393615d4ddc85bc488cd364c,atomic-000001,"{""filter"":[""even""]}",偶数だけを残す,整数の偶数だけを選び、奇数を除く。元の要素順は変えない。,偶数を切り出す,偶数を切り出して
expr-candidate-0d1fb363285d64d816032e2dcbb4c6ba28e27776068990fcad926fe59070c11f,atomic-000001,"{""filter"":[""even""]}",偶数だけを残す,整数の偶数だけを選び、奇数を除く。元の要素順は変えない。,偶数だけを特定する,偶数だけを特定して
expr-candidate-32ad1f7b0b5f8bd79b7653d5ee5b7089e70be3ee70ad887c2f3df8bf0d546b92,atomic-000001,"{""filter"":[""even""]}",偶数だけを残す,整数の偶数だけを選び、奇数を除く。元の要素順は変えない。,偶数だけを切り出す,偶数だけを切り出して
expr-candidate-97b203f7e5d98e542a6bd5ae853fa3550358e74e598202452fea4281b5915d54,atomic-000001,"{""filter"":[""even""]}",偶数だけを残す,整数の偶数だけを選び、奇数を除く。元の要素順は変えない。,偶数を切り取る,偶数を切りとって
expr-candidate-aeab13c5087ee8a298230974a045173ca24dbcdcc912549523deca9f23bd1010,atomic-000001,"{""filter"":[""even""]}",偶数だけを残す,整数の偶数だけを選び、奇数を除く。元の要素順は変えない。,偶数を取捨する,偶数を取捨して
expr-candidate-d7b3034776822e8c97325f1f3d9199524ebeb5fb5471f05d9e855f849b629281,atomic-000001,"{""filter"":[""even""]}",偶数だけを残す,整数の偶数だけを選び、奇数を除く。元の要素順は変えない。,偶数だけを抽出する,偶数だけを抽出して
expr-candidate-d930a195849bc117723ade6058573bbd5eb0feb8ba74c9c7bbeb589737c94034,atomic-000001,"{""filter"":[""even""]}",偶数だけを残す,整数の偶数だけを選び、奇数を除く。元の要素順は変えない。,偶数を分離する,偶数を分離して
expr-candidate-3993e1da363358cfee55dc6c7a37c68df1f6762daadfcd1de3f8463a1267b110,atomic-000001,"{""filter"":[""even""]}",偶数だけを残す,整数の偶数だけを選び、奇数を除く。元の要素順は変えない。,偶数だけを分ける,偶数だけを分けて
expr-candidate-6f4ed0b85e56545133a67e26379f2cabd248e839c622366f19ab3563ec6fe895,atomic-000001,"{""filter"":[""even""]}",偶数だけを残す,整数の偶数だけを選び、奇数を除く。元の要素順は変えない。,偶数だけを識別する,偶数だけを識別して
expr-candidate-1706f3f8e855331bcf2e1859cafcc19f167df770d94ba4611d1e806d13ac341d,atomic-000002,"{""filter"":[""odd""]}",奇数だけを残す,整数の奇数だけを選び、偶数を除く。元の要素順は変えない。,奇数を残すようにする,奇数を残すようにして
expr-candidate-53202a490245db91a7c711d09628dbc068264551d0ddc772eef2af6979b055ab,atomic-000002,"{""filter"":[""odd""]}",奇数だけを残す,整数の奇数だけを選び、偶数を除く。元の要素順は変えない。,奇数だけを残す,奇数だけを残し
expr-candidate-552d2182e898dd3f1c3a68fef6a8f0da4d8d26c24e63aee8bc8f81f5a1a8c221,atomic-000002,"{""filter"":[""odd""]}",奇数だけを残す,整数の奇数だけを選び、偶数を除く。元の要素順は変えない。,奇数を残しておく,奇数を残しておき
expr-candidate-8cd0cd3a306a5842c9481be2a6e217a2aacb396b9398da563b706b6e577e1fa3,atomic-000002,"{""filter"":[""odd""]}",奇数だけを残す,整数の奇数だけを選び、偶数を除く。元の要素順は変えない。,奇数を選んで残す,奇数を選んで残し
expr-candidate-99c21a88895c9a5a6f09d7165c91061ea572c33f69ec469d5d12342b71f2037b,atomic-000002,"{""filter"":[""odd""]}",奇数だけを残す,整数の奇数だけを選び、偶数を除く。元の要素順は変えない。,奇数を残す,奇数を残して
expr-candidate-ac4a334eafb2e06012ea560d52622069c327f2441d2d081f4199642180e8d992,atomic-000002,"{""filter"":[""odd""]}",奇数だけを残す,整数の奇数だけを選び、偶数を除く。元の要素順は変えない。,奇数のみを残す,奇数のみを残し
expr-candidate-5e2f82ec2134acd49e41945ddb8eb2fef0b75e1e18f80a6b2648afee7ad2f745,atomic-000002,"{""filter"":[""odd""]}",奇数だけを残す,整数の奇数だけを選び、偶数を除く。元の要素順は変えない。,奇数を取り出す,奇数を取り出して
expr-candidate-05e02966fbee62f9ad71cba96e75fee52e08fbca661553cd800a1aaf049bdbf0,atomic-000002,"{""filter"":[""odd""]}",奇数だけを残す,整数の奇数だけを選び、偶数を除く。元の要素順は変えない。,奇数を選び出す,奇数を選び出して
expr-candidate-23f0050c5d724471ae336e6f3c0362db32d2660a33c4207db34573810695e9f9,atomic-000002,"{""filter"":[""odd""]}",奇数だけを残す,整数の奇数だけを選び、偶数を除く。元の要素順は変えない。,奇数を抽出する,奇数を抽出して
expr-candidate-05094c8fc3a2fde8c548a0b89166ce31fa8e8c810cd513600ed3fc1df18d4b7a,atomic-000002,"{""filter"":[""odd""]}",奇数だけを残す,整数の奇数だけを選び、偶数を除く。元の要素順は変えない。,奇数を特定して残す,奇数を特定して残して
expr-candidate-4bc2967037b2b6f958863d1a1467c9d2fb3081a0e6271e946dbf174dc32bf510,atomic-000002,"{""filter"":[""odd""]}",奇数だけを残す,整数の奇数だけを選び、偶数を除く。元の要素順は変えない。,奇数を抽出して残す,奇数を抽出して残して
expr-candidate-511771e4c176a19398ceae93dcac6fc474f7ce465e9af80f450a9835d77d92ea,atomic-000002,"{""filter"":[""odd""]}",奇数だけを残す,整数の奇数だけを選び、偶数を除く。元の要素順は変えない。,奇数を分離して残す,奇数を分離して残して
expr-candidate-c18ed55dffa998863c52547c0f390bd15421b7fabd061635196e32380f8d233c,atomic-000002,"{""filter"":[""odd""]}",奇数だけを残す,整数の奇数だけを選び、偶数を除く。元の要素順は変えない。,奇数だけを切り取る,奇数だけを切り取って
expr-candidate-4ddb840d2f8322cabdf1fa33c24eff8fa9892bbd873c8955d1243c6b465937be,atomic-000002,"{""filter"":[""odd""]}",奇数だけを残す,整数の奇数だけを選び、偶数を除く。元の要素順は変えない。,奇数を個別に残す,奇数を個別に残して
expr-candidate-b153c29a67b3535867c91fe8d033f6e598dd296215cbff644d48cb4b70b8404d,atomic-000002,"{""filter"":[""odd""]}",奇数だけを残す,整数の奇数だけを選び、偶数を除く。元の要素順は変えない。,奇数を分けて残す,奇数を分けて残して
expr-candidate-cbe981a3fb1237eb69bb5133c252f5618b6462166258d4ffe317ba72996d94bc,atomic-000002,"{""filter"":[""odd""]}",奇数だけを残す,整数の奇数だけを選び、偶数を除く。元の要素順は変えない。,奇数を識別して残す,奇数を識別して残して
expr-candidate-0fd34ff76fee6e2244ee4bf2293215fbb8b9e46b5a270bf7d7337f37e88be69d,atomic-000002,"{""filter"":[""odd""]}",奇数だけを残す,整数の奇数だけを選び、偶数を除く。元の要素順は変えない。,奇数を選別する,奇数を選別して
expr-candidate-12a7fe59f998e0e46cf3265991ebfdb9896f4bb52b9f16978aa5a812eb6d5e35,atomic-000002,"{""filter"":[""odd""]}",奇数だけを残す,整数の奇数だけを選び、偶数を除く。元の要素順は変えない。,奇数を切り出す,奇数を切り出して
expr-candidate-eadc7728ced0743caeec9d59cc52db2af1d859400b71f630a32f95b8afb9fdbd,atomic-000002,"{""filter"":[""odd""]}",奇数だけを残す,整数の奇数だけを選び、偶数を除く。元の要素順は変えない。,奇数を切り抜く,奇数を切り抜いて
expr-candidate-53176bf79db2f026cb00b76807d78698d478d68be42aedc317b7d95675be0381,atomic-000002,"{""filter"":[""odd""]}",奇数だけを残す,整数の奇数だけを選び、偶数を除く。元の要素順は変えない。,奇数を区別して残す,奇数を区別して残し
expr-candidate-c1e221cfe657f674037c4dcc121ad37b49be86177176dd2349980211a5ca76a9,atomic-000002,"{""filter"":[""odd""]}",奇数だけを残す,整数の奇数だけを選び、偶数を除く。元の要素順は変えない。,奇数を分類して残す,奇数を分類して残し
expr-candidate-05184efdf72866edfd5d4caf9439715355c3e9d4ff35a964cfb91f31aeec07f6,atomic-000003,"{""filter"":[""gt_k""]}",kより大きい値だけを残す,kと等しい値は含めない。元の要素順は変えない。,kを超える値を残す,kを超える値を残して
expr-candidate-06da7048c371e3cb386d8d128b2088e10039aaba99a3213af652be2d47c29369,atomic-000003,"{""filter"":[""gt_k""]}",kより大きい値だけを残す,kと等しい値は含めない。元の要素順は変えない。,kよりも大きな値を残す,kよりも大きな値を残して
expr-candidate-1ea630157f2e97cd286791a2e3d1deda44330368ad2f6aaea8893642a9501338,atomic-000003,"{""filter"":[""gt_k""]}",kより大きい値だけを残す,kと等しい値は含めない。元の要素順は変えない。,kより大きい値だけを残す,kより大きい値だけを残して
expr-candidate-61c50345efe5c859501716153402c6dbd22a2455edc2d5054964d4e899094dda,atomic-000003,"{""filter"":[""gt_k""]}",kより大きい値だけを残す,kと等しい値は含めない。元の要素順は変えない。,kよりも大きい値だけを残す,kよりも大きい値だけを残して
expr-candidate-98f3b5ec5568c111858b4687b15770dd3bca8ce7a3f15124d242cb08617f96aa,atomic-000003,"{""filter"":[""gt_k""]}",kより大きい値だけを残す,kと等しい値は含めない。元の要素順は変えない。,kを超える値だけを残す,kを超える値だけを残して
expr-candidate-894ab4dac89c7a840c03506e27b625258b261422572d710e7afbe4a42b84e5f7,atomic-000003,"{""filter"":[""gt_k""]}",kより大きい値だけを残す,kと等しい値は含めない。元の要素順は変えない。,kより大きな値だけを残す,kより大きな値だけを残して
expr-candidate-2a87b616b5b713d0110b1e95221078099a214d10c94126c696a59f3c2fbde788,atomic-000003,"{""filter"":[""gt_k""]}",kより大きい値だけを残す,kと等しい値は含めない。元の要素順は変えない。,kより大きい値を残しておく,kより大きい値を残しておいて
expr-candidate-647b8a7810a28f05c569a757e951e9defe2d79aa86e056744dd768f3ded89553,atomic-000003,"{""filter"":[""gt_k""]}",kより大きい値だけを残す,kと等しい値は含めない。元の要素順は変えない。,kより大きい値を取得する,kより大きい値を取得して
expr-candidate-9ebe127c0a1ebb0c6dfd5709b88b4fbb9ff754ecb121a19146ed588fa8997c40,atomic-000003,"{""filter"":[""gt_k""]}",kより大きい値だけを残す,kと等しい値は含めない。元の要素順は変えない。,kより大きい値を保存する,kより大きい値を保存して
expr-candidate-ede04aed2b86cb942da29cf4e28b14b2279c61e2dfe507c344997cf2683948d9,atomic-000003,"{""filter"":[""gt_k""]}",kより大きい値だけを残す,kと等しい値は含めない。元の要素順は変えない。,kより大きい値を抽出する,kより大きい値を抽出して
expr-candidate-032705b4944ff57ebb42e793f9df2440dd88878ea3b087e6817db7ab474beba7,atomic-000003,"{""filter"":[""gt_k""]}",kより大きい値だけを残す,kと等しい値は含めない。元の要素順は変えない。,kより大きい値を残すことにする,kより大きい値を残すことにして
expr-candidate-234aaba4d14f7b063e6d3ff9483399a7525394968b681210819f7a2af50a2319,atomic-000003,"{""filter"":[""gt_k""]}",kより大きい値だけを残す,kと等しい値は含めない。元の要素順は変えない。,kを超える値を抽出する,kを超える値を抽出して
expr-candidate-36069aae284e271442e57d75a02d8b0269d1efdaf54d22e296d9f43fa64f6ecd,atomic-000003,"{""filter"":[""gt_k""]}",kより大きい値だけを残す,kと等しい値は含めない。元の要素順は変えない。,kを上回る値を切り出す,kを上回る値を切り出して
expr-candidate-712f882f7f82b19004214ecf8a495910c3bdddc3435a4d50d1ad9c2ca3ce6183,atomic-000003,"{""filter"":[""gt_k""]}",kより大きい値だけを残す,kと等しい値は含めない。元の要素順は変えない。,kをこえる値を残す,kをこえる値を残して
expr-candidate-79e722a5f7dfd82208e533b5099ba95bbcbb2f1cb61e453e3dc7451be951c703,atomic-000003,"{""filter"":[""gt_k""]}",kより大きい値だけを残す,kと等しい値は含めない。元の要素順は変えない。,kを超過する値を残す,kを超過する値を残して
expr-candidate-bc730e48be9ee1166282051829d40292d4ac48dea3d49952c4764e42e8751cbc,atomic-000003,"{""filter"":[""gt_k""]}",kより大きい値だけを残す,kと等しい値は含めない。元の要素順は変えない。,kを越える値を残す,kを越える値を残して
expr-candidate-c2e2574716bdf63c082cef476078b736e724cb70d798cf5ee23a4fcadcc89905,atomic-000003,"{""filter"":[""gt_k""]}",kより大きい値だけを残す,kと等しい値は含めない。元の要素順は変えない。,kを上回る値を保存する,kを上回る値を保存して
expr-candidate-3c65c21a2e353ffa44219e04b7054d2584eb4fb388c98861865d505ef905beba,atomic-000003,"{""filter"":[""gt_k""]}",kより大きい値だけを残す,kと等しい値は含めない。元の要素順は変えない。,kより大きい値を切り出す,kより大きい値を切り出して
expr-candidate-88bee0a7e70632111fb95adbafa5337497ded9280c470e6960e3508c591db291,atomic-000003,"{""filter"":[""gt_k""]}",kより大きい値だけを残す,kと等しい値は含めない。元の要素順は変えない。,kを超える値を切り出す,kを超える値を切り出して
expr-candidate-be84b21fe8d3e5e024b531788802497417d9b4b85c82847628d2c81dece44ba8,atomic-000003,"{""filter"":[""gt_k""]}",kより大きい値だけを残す,kと等しい値は含めない。元の要素順は変えない。,kより大きい値を残す,kより大きい値を残して
expr-candidate-30efa5b2cb026801bcccb592c26bfe00bc25c740880eb80f9dd6a7fd58bbafa5,atomic-000003,"{""filter"":[""gt_k""]}",kより大きい値だけを残す,kと等しい値は含めない。元の要素順は変えない。,kを上回った値を残す,kを上回った値を残して
expr-candidate-578fbb527c1d6b8c56fc51f228c66169bf8c333abefb7e80037f88b2a17d6024,atomic-000003,"{""filter"":[""gt_k""]}",kより大きい値だけを残す,kと等しい値は含めない。元の要素順は変えない。,kより大きくする値を残す,kより大きくする値を残して
expr-candidate-779e751cd65b538904acff8cfd555606064d96a4e9363bf9c625fc61f223d234,atomic-000003,"{""filter"":[""gt_k""]}",kより大きい値だけを残す,kと等しい値は含めない。元の要素順は変えない。,kを超えている値を残す,kを超えている値を残して
expr-candidate-058906dbc6519246c2d33307c25fb83763491a3e9ba81d5907ffb1ccafa63fdd,atomic-000003,"{""filter"":[""gt_k""]}",kより大きい値だけを残す,kと等しい値は含めない。元の要素順は変えない。,kを越える値を切り出す,kを越える値を切り出して
expr-candidate-90c7acfd8c0483662597d793876c8c798f05c5837504c38019309a0073d0b60c,atomic-000003,"{""filter"":[""gt_k""]}",kより大きい値だけを残す,kと等しい値は含めない。元の要素順は変えない。,kより大きな値を切り出す,kより大きな値を切り出して
expr-candidate-e9870326a7b92551a0aa41ccef496ae73e879b510561f9054bf0cd62c8d6d5b3,atomic-000003,"{""filter"":[""gt_k""]}",kより大きい値だけを残す,kと等しい値は含めない。元の要素順は変えない。,kよりも大きい値を切り出す,kよりも大きい値を切り出して
expr-candidate-fd9ae691cc426227f7b008abcfd1626915dad4a59362e20b6670ea62c1c7c60b,atomic-000003,"{""filter"":[""gt_k""]}",kより大きい値だけを残す,kと等しい値は含めない。元の要素順は変えない。,kより大きな値を残す,kより大きな値を残して
expr-candidate-42f35111213e95bacac90ac1436b12d859ae57c1e1a96cd616ad519cf25262ba,atomic-000003,"{""filter"":[""gt_k""]}",kより大きい値だけを残す,kと等しい値は含めない。元の要素順は変えない。,kを超過する値を切り出す,kを超過する値を切り出して
expr-candidate-489ccd9ab5d4fd65e36aea2793e01996819899e9a27be0525d341e06439488ce,atomic-000003,"{""filter"":[""gt_k""]}",kより大きい値だけを残す,kと等しい値は含めない。元の要素順は変えない。,kを上回った値を切り出す,kを上回った値を切り出して
expr-candidate-46dc48fe2c68cc806737f7297c2c9ebe7b1e5cb757f83fbf87bfae32ad21bc77,atomic-000004,"{""filter"":[""ge_k""]}",k以上の値だけを残す,kと等しい値を含める。『kより大きい』へ変えない。元の要素順は変えない。,k以上の項目を残す,k以上の項目を残し
expr-candidate-7762a435055dee360f29c2af4152578a240cf64f29ffedfa05c1d671fdd33030,atomic-000004,"{""filter"":[""ge_k""]}",k以上の値だけを残す,kと等しい値を含める。『kより大きい』へ変えない。元の要素順は変えない。,k以上のものだけを残す,k以上のものだけを残し
expr-candidate-a5d2ce4bceb843d355e02824fddaab1cb26c04f0dd360cab9d8105f10eb1bd07,atomic-000004,"{""filter"":[""ge_k""]}",k以上の値だけを残す,kと等しい値を含める。『kより大きい』へ変えない。元の要素順は変えない。,k以上の値を残す,k以上の値を残し
expr-candidate-ad724f9876d1fa0335d2a8983a0b3bd3a7678f2a351fc0e5f9f6663762f55fd3,atomic-000004,"{""filter"":[""ge_k""]}",k以上の値だけを残す,kと等しい値を含める。『kより大きい』へ変えない。元の要素順は変えない。,k以上のものを残す,k以上のものを残し
expr-candidate-b5fa06e568dda21363de6fe2d4be27ecb21318b1cf913f1ae9a061be684ed9bb,atomic-000004,"{""filter"":[""ge_k""]}",k以上の値だけを残す,kと等しい値を含める。『kより大きい』へ変えない。元の要素順は変えない。,k以上だけを残す,k以上だけを残し
expr-candidate-37a61c82b7e13861956139683f96a6838e0f260cc494836841288ad6cdc696c2,atomic-000004,"{""filter"":[""ge_k""]}",k以上の値だけを残す,kと等しい値を含める。『kより大きい』へ変えない。元の要素順は変えない。,k以上の値を引き続き残す,k以上の値を引き続いて残して
expr-candidate-41133915022614a45cb9205a3b7d4289068703ce615e474a2e62f6fb531c5c95,atomic-000004,"{""filter"":[""ge_k""]}",k以上の値だけを残す,kと等しい値を含める。『kより大きい』へ変えない。元の要素順は変えない。,k以上の値だけを残す,k以上の値だけを残して
expr-candidate-4a6184347f80c85f8bc740b6ea7f9f2a14b6ab474348a70e28e5aca101455257,atomic-000004,"{""filter"":[""ge_k""]}",k以上の値だけを残す,kと等しい値を含める。『kより大きい』へ変えない。元の要素順は変えない。,k以上の値を残しておく,k以上の値を残しておき
expr-candidate-9e326fbf9df3d71ccb8ae387b351b437526d7b258af94abbbd71c2dfc63cfdaf,atomic-000004,"{""filter"":[""ge_k""]}",k以上の値だけを残す,kと等しい値を含める。『kより大きい』へ変えない。元の要素順は変えない。,k以上の値を保持する,k以上の値を保持して
expr-candidate-da43af49aed2fe8c6069e4ae643de80bbe9ee4fe081ff97391f9ca801cd1c049,atomic-000004,"{""filter"":[""ge_k""]}",k以上の値だけを残す,kと等しい値を含める。『kより大きい』へ変えない。元の要素順は変えない。,k以上の値を残すようにする,k以上の値を残すようにして
expr-candidate-e717babe57aee0870e9fc859c8f157aff2537483c4dbd9e4ee9087b15f89f441,atomic-000004,"{""filter"":[""ge_k""]}",k以上の値だけを残す,kと等しい値を含める。『kより大きい』へ変えない。元の要素順は変えない。,k以上の値をそのまま残す,k以上の値をそのまま残して
expr-candidate-fe4673b8661d7918524a6fd831e4a05605c10d24007a6443fcb55dc69f622a5c,atomic-000004,"{""filter"":[""ge_k""]}",k以上の値だけを残す,kと等しい値を含める。『kより大きい』へ変えない。元の要素順は変えない。,k以上の値を残し続ける,k以上の値を残し続けて
expr-candidate-1609dfa7d43932ee094b807096eb70fe27428745b7e637e5bde7bdf58c8c3502,atomic-000004,"{""filter"":[""ge_k""]}",k以上の値だけを残す,kと等しい値を含める。『kより大きい』へ変えない。元の要素順は変えない。,k以上の要素を保存する,k以上の要素を保存し
expr-candidate-057a9d837ed364a84a547da72c0633bdfb117a7a14420b9567a1d6d8296b4cc4,atomic-000004,"{""filter"":[""ge_k""]}",k以上の値だけを残す,kと等しい値を含める。『kより大きい』へ変えない。元の要素順は変えない。,k以上のデータを保存する,k以上のデータを保存し
expr-candidate-1599db4af2d01c11d6e6628ce8d840c32f73717dd254d1805acf0d0202d2db9e,atomic-000004,"{""filter"":[""ge_k""]}",k以上の値だけを残す,kと等しい値を含める。『kより大きい』へ変えない。元の要素順は変えない。,k以上を保存する,k以上を保存し
expr-candidate-dc570c0785f4df9f61d5f1b4b00f0115ad0c45f1aa35177eaa4baa78d9545056,atomic-000004,"{""filter"":[""ge_k""]}",k以上の値だけを残す,kと等しい値を含める。『kより大きい』へ変えない。元の要素順は変えない。,k以上の情報を保存する,k以上の情報を保存し
expr-candidate-8689ea0cdb91ab8996f9b72fc04347f051b3805d516227135c8983c1d3e68625,atomic-000004,"{""filter"":[""ge_k""]}",k以上の値だけを残す,kと等しい値を含める。『kより大きい』へ変えない。元の要素順は変えない。,k以上のデータを残す,k以上のデータを残し
expr-candidate-fa509be3c9cacffe3bdbdee3498ea39e91d3c192d164a23445220284064f9149,atomic-000004,"{""filter"":[""ge_k""]}",k以上の値だけを残す,kと等しい値を含める。『kより大きい』へ変えない。元の要素順は変えない。,k以上の情報を残す,k以上の情報を残し
expr-candidate-497e0989bf6843a308d578389216ca4ac1fff6528afaed8f92d8758b554fcd7f,atomic-000004,"{""filter"":[""ge_k""]}",k以上の値だけを残す,kと等しい値を含める。『kより大きい』へ変えない。元の要素順は変えない。,k以上の要素を引き続き残す,k以上の要素を引き続き残し
expr-candidate-4bb61bee675fe91a0c7d6a0d75d2ced9413f0d491db13fa5854b589a8c2aedfe,atomic-000004,"{""filter"":[""ge_k""]}",k以上の値だけを残す,kと等しい値を含める。『kより大きい』へ変えない。元の要素順は変えない。,k以上を保持する,k以上を保持し
expr-candidate-7188aa333346afd656d3cfa382dbf250fe67839084f38d021a523a968676802f,atomic-000004,"{""filter"":[""ge_k""]}",k以上の値だけを残す,kと等しい値を含める。『kより大きい』へ変えない。元の要素順は変えない。,k以上のデータを引き続き残す,k以上のデータを引き続き残し
expr-candidate-c1cebac7eff35eaa9e08156beb8e0caebdacda7b8a07895d0ecd01ab47b40eac,atomic-000004,"{""filter"":[""ge_k""]}",k以上の値だけを残す,kと等しい値を含める。『kより大きい』へ変えない。元の要素順は変えない。,k以上を残す,k以上を残し
expr-candidate-a3777586949fb622d254b89b6b147fc6dcca6bab17561d416d99a84adefaf428,atomic-000004,"{""filter"":[""ge_k""]}",k以上の値だけを残す,kと等しい値を含める。『kより大きい』へ変えない。元の要素順は変えない。,k以上の要素を残す,k以上の要素を残し
expr-candidate-a572c5c58d8024109359af1dfabc39d95704beb18331a4cb2e262f31d7bf928d,atomic-000004,"{""filter"":[""ge_k""]}",k以上の値だけを残す,kと等しい値を含める。『kより大きい』へ変えない。元の要素順は変えない。,k以上の要素を維持する,k以上の要素を維持し
expr-candidate-b4654be401459818ff767025d1354e77ac650ac50456c5b7d158c2e8b9e0dccc,atomic-000004,"{""filter"":[""ge_k""]}",k以上の値だけを残す,kと等しい値を含める。『kより大きい』へ変えない。元の要素順は変えない。,k以上の項目を保持する,k以上の項目を保持し
expr-candidate-14b7ea29e425078fc366fde72178c87d90b464d17b21bce97f536ea6fe700c59,atomic-000005,"{""filter"":[""lt_k""]}",kより小さい値だけを残す,kと等しい値は含めない。元の要素順は変えない。,k未満の値のみを残す,k未満の値のみを残して
expr-candidate-1a95d43367c94a88b01d7c5462cc92d8671d2c601856b15d75a0f7c6ef158c69,atomic-000005,"{""filter"":[""lt_k""]}",kより小さい値だけを残す,kと等しい値は含めない。元の要素順は変えない。,kよりも小さい値だけを残す,kよりも小さい値だけを残して
expr-candidate-493b6d069432f9ac945f50113b773c6de8082dc9e30507de393e0446917d29aa,atomic-000005,"{""filter"":[""lt_k""]}",kより小さい値だけを残す,kと等しい値は含めない。元の要素順は変えない。,kよりも小さな値を残す,kよりも小さな値を残して
expr-candidate-5277bd97be7fcfc7a604cf1d1fd76e8cb43d55743b1beb11b65f7515e447be5e,atomic-000005,"{""filter"":[""lt_k""]}",kより小さい値だけを残す,kと等しい値は含めない。元の要素順は変えない。,k未満の値を保持する,k未満の値を保持して
expr-candidate-a665d661a3472472dd27ac43ffbf582e89bb60615d771fdc3da70d5213909f52,atomic-000005,"{""filter"":[""lt_k""]}",kより小さい値だけを残す,kと等しい値は含めない。元の要素順は変えない。,k以上じゃない値だけを残す,k以上じゃない値だけを残して
expr-candidate-37e329e0187130f8db6f1b3dbf7e0dc5798ab52447a6dcf06ccc1317e6a1fe99,atomic-000005,"{""filter"":[""lt_k""]}",kより小さい値だけを残す,kと等しい値は含めない。元の要素順は変えない。,k未満の値を残す,k未満の値を残して
expr-candidate-60cffd1c40728fd981c1e7ca9908167588aea6beb7bbbd0a5ba2ff2b75b4ff5e,atomic-000005,"{""filter"":[""lt_k""]}",kより小さい値だけを残す,kと等しい値は含めない。元の要素順は変えない。,k以上じゃない値を残す,k以上じゃない値を残して
expr-candidate-8db9af6e63a24e2fb7b812b6e3a969c5cc8874487a940a261119be3826039dce,atomic-000005,"{""filter"":[""lt_k""]}",kより小さい値だけを残す,kと等しい値は含めない。元の要素順は変えない。,kよりも小さい値を残す,kよりも小さい値を残して
expr-candidate-a9240f741c32777554971040397a96b3d7746c29125ea26c8135712c0a313b21,atomic-000005,"{""filter"":[""lt_k""]}",kより小さい値だけを残す,kと等しい値は含めない。元の要素順は変えない。,kより小さい値を残す,kより小さい値を残して
expr-candidate-4aa5debbc70f187abb39eb2c6d8b0c4f5ebd4a1761e09f362dd5be943a535ebc,atomic-000005,"{""filter"":[""lt_k""]}",kより小さい値だけを残す,kと等しい値は含めない。元の要素順は変えない。,k未満の値を残しておく,k未満の値を残しておいて
expr-candidate-86bdc84e89aedb4d5146862565e74145e8c2501d23aa6ca20f5969e70e212701,atomic-000005,"{""filter"":[""lt_k""]}",kより小さい値だけを残す,kと等しい値は含めない。元の要素順は変えない。,k未満の値を保つ,k未満の値を保って
expr-candidate-7d8efc6b8c6819b179242389918142bb18bcaa8e727c485977584c682085a354,atomic-000005,"{""filter"":[""lt_k""]}",kより小さい値だけを残す,kと等しい値は含めない。元の要素順は変えない。,k未満の値を抽出する,k未満の値を抽出して
expr-candidate-070f18453125d98ddde47bf29e6e206d51bb7d653811a489d2da1999c08664f1,atomic-000005,"{""filter"":[""lt_k""]}",kより小さい値だけを残す,kと等しい値は含めない。元の要素順は変えない。,k未満の値を選び出す,k未満の値を選び出して
expr-candidate-86813b18750aa3aec90f1273eae959ad034d1d90f9ef0bfad804f1cc0d0971a6,atomic-000005,"{""filter"":[""lt_k""]}",kより小さい値だけを残す,kと等しい値は含めない。元の要素順は変えない。,k未満の値を絞る,k未満の値を絞って
expr-candidate-962ca0f5191df4caff5b055bead8b1b094c09e2f77e159f14b13128377617531,atomic-000005,"{""filter"":[""lt_k""]}",kより小さい値だけを残す,kと等しい値は含めない。元の要素順は変えない。,k未満の値を切り取る,k未満の値を切り取って
expr-candidate-f6fe989f6e25bec906a9ffa17783733bf51181f51af775c506a9290e2b2c912b,atomic-000005,"{""filter"":[""lt_k""]}",kより小さい値だけを残す,kと等しい値は含めない。元の要素順は変えない。,k未満の値を抜き出す,k未満の値を抜き出して
expr-candidate-1210b0e8a3996bcf43f772d116f4039813efc8c838c1c801e0583fb87046047d,atomic-000005,"{""filter"":[""lt_k""]}",kより小さい値だけを残す,kと等しい値は含めない。元の要素順は変えない。,k未満の値を引き出す,k未満の値を引き出して
expr-candidate-515baa6a78dd7f235cb820c55644fdf6e8ee4f64be502978d6aa42bc26e011d8,atomic-000005,"{""filter"":[""lt_k""]}",kより小さい値だけを残す,kと等しい値は含めない。元の要素順は変えない。,kより少ない値を残す,kより少ない値を残して
expr-candidate-e01e693f23ad21795672af4ed6f30cb382bc7e63af405cc549afe2f82193d303,atomic-000005,"{""filter"":[""lt_k""]}",kより小さい値だけを残す,kと等しい値は含めない。元の要素順は変えない。,k未満の値を選ぶ,k未満の値を選んで
expr-candidate-f11eed3222698a209fa7ab7e7bc8d568875b4b3e5f6083b7f95258cea5186422,atomic-000005,"{""filter"":[""lt_k""]}",kより小さい値だけを残す,kと等しい値は含めない。元の要素順は変えない。,k未満の値を保存する,k未満の値を保存して
expr-candidate-066da6ac5c74abebf271c3d2ffd4db4164d938ceec123fae84735cfcf43d48e2,atomic-000005,"{""filter"":[""lt_k""]}",kより小さい値だけを残す,kと等しい値は含めない。元の要素順は変えない。,k未満の値を区別する,k未満の値を区別して
expr-candidate-2d8f3e13ba46dcc3db4798898991d546df7993a11ba4f565e4d55b320f3426e9,atomic-000005,"{""filter"":[""lt_k""]}",kより小さい値だけを残す,kと等しい値は含めない。元の要素順は変えない。,k未満の値を切り出す,k未満の値を切り出して
expr-candidate-565efdf459a72b32ad442647296be2642d4219a190ba5cd68c055549ae946a9e,atomic-000005,"{""filter"":[""lt_k""]}",kより小さい値だけを残す,kと等しい値は含めない。元の要素順は変えない。,k未満の値を分ける,k未満の値を分けて
expr-candidate-c1a96da3b58c7c5497fc0c0bee95bdf50060ae362b71aeb190799ed3bcaf1359,atomic-000005,"{""filter"":[""lt_k""]}",kより小さい値だけを残す,kと等しい値は含めない。元の要素順は変えない。,k未満の値を分け出す,k未満の値を分け出して
expr-candidate-c9b6f0aed89ce2277994ddcac6d883c0132b20c9db06b3af9fda2f3d22dd47f0,atomic-000005,"{""filter"":[""lt_k""]}",kより小さい値だけを残す,kと等しい値は含めない。元の要素順は変えない。,k未満の値を切り抜く,k未満の値を切り抜いて
expr-candidate-03700b0f5a06e83dc5619dc1f955f9ef3bbabdca6d64887d7a13f00d2578ff92,atomic-000006,"{""filter"":[""le_k""]}",k以下の値だけを残す,kと等しい値を含める。『kより小さい』へ変えない。元の要素順は変えない。,k以下の値のみを残す,k以下の値のみを残し
expr-candidate-3cd31578ed8f1a247dd158f408f38b100dcf9c42c82a10b30921e80b9535ef27,atomic-000006,"{""filter"":[""le_k""]}",k以下の値だけを残す,kと等しい値を含める。『kより小さい』へ変えない。元の要素順は変えない。,k以下のものだけを残す,k以下のものだけを残し
expr-candidate-5873254617e18e266fe1194cc7976d3b99c6bd8d7a892b0aba047b0278776971,atomic-000006,"{""filter"":[""le_k""]}",k以下の値だけを残す,kと等しい値を含める。『kより小さい』へ変えない。元の要素順は変えない。,k以下だけを残す,k以下だけを残し
expr-candidate-668310fe9c119ee875104f557799e52e49971a2303d7cc5711062a72eb9805e9,atomic-000006,"{""filter"":[""le_k""]}",k以下の値だけを残す,kと等しい値を含める。『kより小さい』へ変えない。元の要素順は変えない。,k以下のものを残す,k以下のものを残し
expr-candidate-6f1dcbf9dec1aaa3ea0d9bed40a1c55507291ed9bdd53d5518d0ab013d17181e,atomic-000006,"{""filter"":[""le_k""]}",k以下の値だけを残す,kと等しい値を含める。『kより小さい』へ変えない。元の要素順は変えない。,k以下のものを保持する,k以下のものを保持して
expr-candidate-81dcce103ed10480797bff0e34da0bf789cb723b7eb045a5236a758ede03bb07,atomic-000006,"{""filter"":[""le_k""]}",k以下の値だけを残す,kと等しい値を含める。『kより小さい』へ変えない。元の要素順は変えない。,k以下の値を保持する,k以下の値を保持して
expr-candidate-831acfdae1a4c38386252d91cfce5b727730996a379723c44fd5888acf380362,atomic-000006,"{""filter"":[""le_k""]}",k以下の値だけを残す,kと等しい値を含める。『kより小さい』へ変えない。元の要素順は変えない。,k以下の値を収集する,k以下の値を収集して
expr-candidate-8ad51314ea3a0cc4313874f4daef9d3e80018500e1421505e19161a61f54c906,atomic-000006,"{""filter"":[""le_k""]}",k以下の値だけを残す,kと等しい値を含める。『kより小さい』へ変えない。元の要素順は変えない。,k以下の値を抽出する,k以下の値を抽出して
expr-candidate-adb0bec4c51a3bdfae34e06ce9a991eec34fa019801fea23130c89d260b98ce7,atomic-000006,"{""filter"":[""le_k""]}",k以下の値だけを残す,kと等しい値を含める。『kより小さい』へ変えない。元の要素順は変えない。,k以下の値を残す,k以下の値を残し
expr-candidate-c0cdeaa0343a37da6410046daa6d9f85511d1cbd0946920828e2d7e0f2a5e1ff,atomic-000006,"{""filter"":[""le_k""]}",k以下の値だけを残す,kと等しい値を含める。『kより小さい』へ変えない。元の要素順は変えない。,k以下の値だけを残す,k以下の値だけを残し
expr-candidate-f91652094dd16f7b45131a6111fdcd8b9eb63d236743b8669e2c380ba09d000c,atomic-000006,"{""filter"":[""le_k""]}",k以下の値だけを残す,kと等しい値を含める。『kより小さい』へ変えない。元の要素順は変えない。,k以下の値を確保する,k以下の値を確保して
expr-candidate-90ebca12138cf85416028cfbad5be65cd4ecd182e3d9c30571876b59382bd198,atomic-000006,"{""filter"":[""le_k""]}",k以下の値だけを残す,kと等しい値を含める。『kより小さい』へ変えない。元の要素順は変えない。,k以下のものを収集する,k以下のものを収集して
expr-candidate-ca85e020dbcab08be5d71afb976495a08394cf88b4b8b92e05b730aaa144d582,atomic-000006,"{""filter"":[""le_k""]}",k以下の値だけを残す,kと等しい値を含める。『kより小さい』へ変えない。元の要素順は変えない。,k以下の値を引き続き残す,k以下の値を引き続いて残して
expr-candidate-da561c0685b87a97d1d463fe3a0e02e348e3254056557c2de06e82822fe56e27,atomic-000006,"{""filter"":[""le_k""]}",k以下の値だけを残す,kと等しい値を含める。『kより小さい』へ変えない。元の要素順は変えない。,k以下の値を取得する,k以下の値を取得して
expr-candidate-0fda7229ee8e3c2c513943cacac0d9b7e4e16cb48092db2cd60dd8cfee53b3c1,atomic-000006,"{""filter"":[""le_k""]}",k以下の値だけを残す,kと等しい値を含める。『kより小さい』へ変えない。元の要素順は変えない。,k以下の値をセレクトする,k以下の値をセレクトして
expr-candidate-9b5a9c61657b091c20de726e1fa5cbdb6572c6ffadfab0395553b50db694cef2,atomic-000006,"{""filter"":[""le_k""]}",k以下の値だけを残す,kと等しい値を含める。『kより小さい』へ変えない。元の要素順は変えない。,k以下の値を抜き出す,k以下の値を抜き出して
expr-candidate-e13c26e6ea1509d9b2e16bbc5ca1c5e275da9a770cf472654869fa645ba3acfe,atomic-000006,"{""filter"":[""le_k""]}",k以下の値だけを残す,kと等しい値を含める。『kより小さい』へ変えない。元の要素順は変えない。,k以下の値を切り取る,k以下の値を切り取って
expr-candidate-9cdbee2bbfc531e6a92ba505c8b19f0d6e616026c34900046fe7cbec47bc198f,atomic-000006,"{""filter"":[""le_k""]}",k以下の値だけを残す,kと等しい値を含める。『kより小さい』へ変えない。元の要素順は変えない。,k以下の値を保存する,k以下の値を保存して
expr-candidate-b13aef7ab3aafc5065996884d10aa4fd63da10cb122b3ff2424df9956d40222a,atomic-000006,"{""filter"":[""le_k""]}",k以下の値だけを残す,kと等しい値を含める。『kより小さい』へ変えない。元の要素順は変えない。,k以下の値を採用する,k以下の値を採用して
expr-candidate-f0f38a21d18798f1a70e573ac524603f9639018c7f485dfa46a6db0843711b93,atomic-000006,"{""filter"":[""le_k""]}",k以下の値だけを残す,kと等しい値を含める。『kより小さい』へ変えない。元の要素順は変えない。,k以下の値を留める,k以下の値を留めて
expr-candidate-1b0a26e87cb32e97a61d141562371c807f3795b82e90bea423e2ad28c9bf8073,atomic-000006,"{""filter"":[""le_k""]}",k以下の値だけを残す,kと等しい値を含める。『kより小さい』へ変えない。元の要素順は変えない。,k以下の値に絞る,k以下の値に絞って
expr-candidate-010cf68982522e5915d501d2b40e1bfccee911c670b27141425291e3a9c9f683,atomic-000007,"{""filter"":[""multiple_of_k""]}",kの倍数だけを残す,kで割り切れる値を選ぶ。kの約数を選ぶ操作へ変えない。元の要素順は変えない。,kの倍数だけを選び出す,kの倍数だけを選び出して
expr-candidate-12281ae0c18b8ffccc366bb6e7b9ebe3bd130be9c728ba5b8fb140acefd36a5e,atomic-000007,"{""filter"":[""multiple_of_k""]}",kの倍数だけを残す,kで割り切れる値を選ぶ。kの約数を選ぶ操作へ変えない。元の要素順は変えない。,kの倍数を残すようにする,kの倍数を残しておき
expr-candidate-189b2606dfe15cc54a489ae6296cacd74a485e4c6d6b07098aa26e7384930feb,atomic-000007,"{""filter"":[""multiple_of_k""]}",kの倍数だけを残す,kで割り切れる値を選ぶ。kの約数を選ぶ操作へ変えない。元の要素順は変えない。,kの倍数を保持する,kの倍数を保持して
expr-candidate-7043e1759dc930fc25ce7c5fc7b57efa7b32baf5d2901f16ae5d1550e4a27540,atomic-000007,"{""filter"":[""multiple_of_k""]}",kの倍数だけを残す,kで割り切れる値を選ぶ。kの約数を選ぶ操作へ変えない。元の要素順は変えない。,kの倍数を抽出する,kの倍数を抽出して
expr-candidate-7ee8880f16bf553d0d59ff6f7cc051d5f8b8e8652ffb64b0a35aee4a60b606a9,atomic-000007,"{""filter"":[""multiple_of_k""]}",kの倍数だけを残す,kで割り切れる値を選ぶ。kの約数を選ぶ操作へ変えない。元の要素順は変えない。,kの倍数だけを残す,kの倍数だけを残し
expr-candidate-9feb86f05dbee78834d0408e54e9fda7f33c1db094eb8c067908ca5c3a4edf58,atomic-000007,"{""filter"":[""multiple_of_k""]}",kの倍数だけを残す,kで割り切れる値を選ぶ。kの約数を選ぶ操作へ変えない。元の要素順は変えない。,kの倍数だけを取り出す,kの倍数だけを取り出して
expr-candidate-a7913d0b7dbaf63af9e4b3a80e4520eec58eb5e9747c2852a023ab08f3659e82,atomic-000007,"{""filter"":[""multiple_of_k""]}",kの倍数だけを残す,kで割り切れる値を選ぶ。kの約数を選ぶ操作へ変えない。元の要素順は変えない。,kの倍数を残す,kの倍数を残して
expr-candidate-da75421b2d00cea37b9e64ba2adc7a859fe698e1aa6de02bddd33c6457c4b523,atomic-000007,"{""filter"":[""multiple_of_k""]}",kの倍数だけを残す,kで割り切れる値を選ぶ。kの約数を選ぶ操作へ変えない。元の要素順は変えない。,kの倍数を選んで残す,kの倍数を選んで残し
expr-candidate-2badd635342674e5dab0712f4b81b178811088957c6cecacf799072299f83ef5,atomic-000007,"{""filter"":[""multiple_of_k""]}",kの倍数だけを残す,kで割り切れる値を選ぶ。kの約数を選ぶ操作へ変えない。元の要素順は変えない。,kの倍数をセレクトする,kの倍数をセレクトして
expr-candidate-b5984906abb458a02af4d58b22f96be1c69008d212eef7848fa2232ce30dcf13,atomic-000007,"{""filter"":[""multiple_of_k""]}",kの倍数だけを残す,kで割り切れる値を選ぶ。kの約数を選ぶ操作へ変えない。元の要素順は変えない。,kの倍数だけを残しておく,kの倍数だけを残して
expr-candidate-bc806b3deffe16c4aaf2059eda778930d10791272581de90e425b39b7779e0a8,atomic-000007,"{""filter"":[""multiple_of_k""]}",kの倍数だけを残す,kで割り切れる値を選ぶ。kの約数を選ぶ操作へ変えない。元の要素順は変えない。,kの倍数だけを切り取る,kの倍数だけを切り取り
expr-candidate-9970541aba8c5139de7a3e6327e50ed64b3ce0277d4c7798c115c5e157d19d29,atomic-000007,"{""filter"":[""multiple_of_k""]}",kの倍数だけを残す,kで割り切れる値を選ぶ。kの約数を選ぶ操作へ変えない。元の要素順は変えない。,kの倍数を切り出す,kの倍数を切り出して
expr-candidate-9c6b2d84caf76a4e90921b69f55df4b23d804b8d262b41f02542542bfb6c4790,atomic-000007,"{""filter"":[""multiple_of_k""]}",kの倍数だけを残す,kで割り切れる値を選ぶ。kの約数を選ぶ操作へ変えない。元の要素順は変えない。,kの倍数を切り取る,kの倍数を切り取って
expr-candidate-e96a4d17271c49de03dd83be09b715da35308a19bad3a7ae66f034be4b7ef827,atomic-000007,"{""filter"":[""multiple_of_k""]}",kの倍数だけを残す,kで割り切れる値を選ぶ。kの約数を選ぶ操作へ変えない。元の要素順は変えない。,kの倍数を特定して残す,kの倍数を特定して残して
expr-candidate-2c07a10d7654a4aca027b10d9e79935841987b5e856513d579359523b58e8ef6,atomic-000007,"{""filter"":[""multiple_of_k""]}",kの倍数だけを残す,kで割り切れる値を選ぶ。kの約数を選ぶ操作へ変えない。元の要素順は変えない。,kの倍数を選び出す,kの倍数を選び出して
expr-candidate-2a0cadb09b7b7a1e71ffac4d5fb932b74d5f4073efeebba7925883072fe57741,atomic-000007,"{""filter"":[""multiple_of_k""]}",kの倍数だけを残す,kで割り切れる値を選ぶ。kの約数を選ぶ操作へ変えない。元の要素順は変えない。,kの倍数に絞る,kの倍数に絞って
expr-candidate-d541a369c67dceafcd48f44c14186bf493d9daee3fdad898bc188b23c52b5b10,atomic-000007,"{""filter"":[""multiple_of_k""]}",kの倍数だけを残す,kで割り切れる値を選ぶ。kの約数を選ぶ操作へ変えない。元の要素順は変えない。,kの倍数を抜き出す,kの倍数を抜き出して
expr-candidate-057dc7e64f0b2967ea780d2b4f77bb0231a157196ee5efe96f50ddfe6f58213e,atomic-000008,"{""filter"":[""positive""]}",正の値だけを残す,0より大きい値を選び、0を含めない。元の要素順は変えない。,正の値を選び出す,正の値を選び出して
expr-candidate-10463dd7f41776eba960b24f4d4a92ce845042dfca84152d4bf50659827d52b9,atomic-000008,"{""filter"":[""positive""]}",正の値だけを残す,0より大きい値を選び、0を含めない。元の要素順は変えない。,正の値を抽出する,正の値を抽出して
expr-candidate-528c0632e5b8283859c4a194d82e11ea6ec6e6134c4ad24360a1c5d29a4b4c8a,atomic-000008,"{""filter"":[""positive""]}",正の値だけを残す,0より大きい値を選び、0を含めない。元の要素順は変えない。,正の値だけを残す,正の値だけを残し
expr-candidate-619586d884e724789eecde84c837f049388f599654a78b0c19fe8b0cfbbe5d92,atomic-000008,"{""filter"":[""positive""]}",正の値だけを残す,0より大きい値を選び、0を含めない。元の要素順は変えない。,正の値のみを残す,正の値のみを残し
expr-candidate-644df4f696ccefe00e6829f4a262fb0fc02b43056ff9d2506173d1620bb28a0e,atomic-000008,"{""filter"":[""positive""]}",正の値だけを残す,0より大きい値を選び、0を含めない。元の要素順は変えない。,正の値を選んで残す,正の値を選んで残し
expr-candidate-6ec028327316d8338e9a6b47572bd4b6070b7b3441669f1a4fe191135eedf331,atomic-000008,"{""filter"":[""positive""]}",正の値だけを残す,0より大きい値を選び、0を含めない。元の要素順は変えない。,正の値だけを取り出す,正の値だけを取り出して
expr-candidate-740836efec5912e289e39af0fb19ea6a7e51ff7a3af087ee8b1099c61f9567df,atomic-000008,"{""filter"":[""positive""]}",正の値だけを残す,0より大きい値を選び、0を含めない。元の要素順は変えない。,正の数だけを残す,正の数だけを残し
expr-candidate-87e789b8bb2ee08cc38d7904aa45b07262eec289b19d84bc84ca0473a3ed2c4e,atomic-000008,"{""filter"":[""positive""]}",正の値だけを残す,0より大きい値を選び、0を含めない。元の要素順は変えない。,正の値だけを保持する,正の値だけを保持して
expr-candidate-cf1661fe4cb4e85019951cdf12e776deaf71ba759c881410507a8f4897d3860c,atomic-000008,"{""filter"":[""positive""]}",正の値だけを残す,0より大きい値を選び、0を含めない。元の要素順は変えない。,正の値だけを保有する,正の値だけを保有して
expr-candidate-2718e4a205791796c12f51edd13fa4ba293ca088d1dba52cbd518eb0de2d2052,atomic-000008,"{""filter"":[""positive""]}",正の値だけを残す,0より大きい値を選び、0を含めない。元の要素順は変えない。,正の値を保持する,正の値を保持して
expr-candidate-68afb3c787112f37dfc95695082b9eac80b0997d8846314b11c8434c426fc401,atomic-000008,"{""filter"":[""positive""]}",正の値だけを残す,0より大きい値を選び、0を含めない。元の要素順は変えない。,正の数を抽出する,正の数を抽出して
expr-candidate-717e44daab093836950d1e21bb5bae830d1f6f3e8268b2bfada5955e329ccd8e,atomic-000008,"{""filter"":[""positive""]}",正の値だけを残す,0より大きい値を選び、0を含めない。元の要素順は変えない。,正の数を選び出す,正の数を選び出して
expr-candidate-51a94ec121f9de48bb23e464bf8b6b5a1829b01c0e9212d61a6d5b4bc67e6a0a,atomic-000008,"{""filter"":[""positive""]}",正の値だけを残す,0より大きい値を選び、0を含めない。元の要素順は変えない。,正の値を切り取る,正の値を切りとって
expr-candidate-efdbb6c75753dd4a03ed97c602c8d907f02a7a27e95da01fd6438d557fed5928,atomic-000008,"{""filter"":[""positive""]}",正の値だけを残す,0より大きい値を選び、0を含めない。元の要素順は変えない。,正の値を残す,正の値を残して
expr-candidate-2c0ca9433ebada85aa1bd472cb92d0ffccf459f85cf970b95a97294e946bc1ba,atomic-000008,"{""filter"":[""positive""]}",正の値だけを残す,0より大きい値を選び、0を含めない。元の要素順は変えない。,正の値を切り抜く,正の値を切り抜いて
expr-candidate-b077ad0930a8c619a5b1ef205b1cacb838372be9ff7172b01cf958fd135e8a87,atomic-000008,"{""filter"":[""positive""]}",正の値だけを残す,0より大きい値を選び、0を含めない。元の要素順は変えない。,正の値に限定する,正の値に限定して
expr-candidate-e41aa88f843b412978799255ef7b06c7ec89a5c225b8e537fa6b038025d354ad,atomic-000008,"{""filter"":[""positive""]}",正の値だけを残す,0より大きい値を選び、0を含めない。元の要素順は変えない。,正の値を選ぶ,正の値を選んで
expr-candidate-95705989cfc5e2123d484b77ac962e15f764358b8625d6de53680496d33ab3ec,atomic-000008,"{""filter"":[""positive""]}",正の値だけを残す,0より大きい値を選び、0を含めない。元の要素順は変えない。,正の値を見つける,正の値を見つけて
expr-candidate-a5d55016e58daf66b8d5b23b90d94a8d86075b44da7ec34d7d594c2a0d6d4471,atomic-000008,"{""filter"":[""positive""]}",正の値だけを残す,0より大きい値を選び、0を含めない。元の要素順は変えない。,正の値を識別する,正の値を識別して
expr-candidate-a8ad92e2b990b81cf712f17838729919aa6e86758f1a3d08cb46de2e4d03cb37,atomic-000008,"{""filter"":[""positive""]}",正の値だけを残す,0より大きい値を選び、0を含めない。元の要素順は変えない。,正の値を検出する,正の値を検出して
expr-candidate-0386f12313da58463a0f12281e0a40b80f53ce2c51d069368dfe7ef129619197,atomic-000009,"{""filter"":[""negative""]}",負の値だけを残す,0より小さい値を選び、0を含めない。元の要素順は変えない。,負の値を残す,負の値を残して
expr-candidate-35c072970a208433c8f1e1c651c85223a7f88d5064112bf5e0550456d7e83912,atomic-000009,"{""filter"":[""negative""]}",負の値だけを残す,0より小さい値を選び、0を含めない。元の要素順は変えない。,負の値だけを残すことにする,負の値だけを残すことにして
expr-candidate-40c08289b6f942ec43c45f5780115aece1f8cff6720c8bf70c595c405cbc2906,atomic-000009,"{""filter"":[""negative""]}",負の値だけを残す,0より小さい値を選び、0を含めない。元の要素順は変えない。,負の値だけを残すようにする,負の値だけを残すようにして
expr-candidate-60d596526a7ee9c74947e6c8ece1822f60b1f03388ae5be862cd1c0b8a22fe9d,atomic-000009,"{""filter"":[""negative""]}",負の値だけを残す,0より小さい値を選び、0を含めない。元の要素順は変えない。,負の値を選び出す,負の値を選び出して
expr-candidate-7ab32e8784ea4202e0134b2c94e49c810833883f7d8411b8882d7e3ad2b44476,atomic-000009,"{""filter"":[""negative""]}",負の値だけを残す,0より小さい値を選び、0を含めない。元の要素順は変えない。,負の値だけを残す,負の値だけを残し
expr-candidate-bc9ca5c60ff1d3c87f2389222eb5c77ebe27cbc8eb9821638e1aeea85fa0d0be,atomic-000009,"{""filter"":[""negative""]}",負の値だけを残す,0より小さい値を選び、0を含めない。元の要素順は変えない。,負の値だけを選び出す,負の値だけを選び出して
expr-candidate-152fd91a091cf22cb6bd4cddbda187955bae452d0292c9bf317034f92c5a9280,atomic-000009,"{""filter"":[""negative""]}",負の値だけを残す,0より小さい値を選び、0を含めない。元の要素順は変えない。,負の数だけを残すことにする,負の数だけを残すことにして
expr-candidate-2800d61ef9363a6c1820ecb7974ee2ea36b2a48806124333238c6de49b069ce8,atomic-000009,"{""filter"":[""negative""]}",負の値だけを残す,0より小さい値を選び、0を含めない。元の要素順は変えない。,負の数を残す,負の数を残して
expr-candidate-551deea60ba85a5156940d9ec48d09e52b45dc3b10e965dd60bc72b4bfc6a688,atomic-000009,"{""filter"":[""negative""]}",負の値だけを残す,0より小さい値を選び、0を含めない。元の要素順は変えない。,負の数だけを残す,負の数だけを残し
expr-candidate-afb69ecd232cc73c30cfe8f6b8147c8f591bf4ab403dc248cd4946d8edc02ff3,atomic-000009,"{""filter"":[""negative""]}",負の値だけを残す,0より小さい値を選び、0を含めない。元の要素順は変えない。,負の数だけを選び出す,負の数だけを選び出して
expr-candidate-b18ca75e7f0e2fd882f2c2ccaed3755239adfae329c4f62e4d41f30598f6773e,atomic-000009,"{""filter"":[""negative""]}",負の値だけを残す,0より小さい値を選び、0を含めない。元の要素順は変えない。,負の数だけを残すようにする,負の数だけを残すようにして
expr-candidate-f2af594eb9320b30bc516769e53ffc10ead1f29b537108362eb52fd444fed606,atomic-000009,"{""filter"":[""negative""]}",負の値だけを残す,0より小さい値を選び、0を含めない。元の要素順は変えない。,負の数を選び出す,負の数を選び出して
expr-candidate-98a30d42a223e63c22d5f96a487fbca1e761342e3943367ba87c23e5584019cd,atomic-000009,"{""filter"":[""negative""]}",負の値だけを残す,0より小さい値を選び、0を含めない。元の要素順は変えない。,負の値を切り取り出す,負の値を切り取り出して
expr-candidate-076ed83d923f241ae1349457d3d86c6cb2cffe0b1215d62bd03a7ae11870b1bd,atomic-000009,"{""filter"":[""negative""]}",負の値だけを残す,0より小さい値を選び、0を含めない。元の要素順は変えない。,負の数を残しておく,負の数を残して
expr-candidate-d3aacb645d47b6fd612e0d5517b925c0dee451c781f1acd98b18585557b30c04,atomic-000009,"{""filter"":[""negative""]}",負の値だけを残す,0より小さい値を選び、0を含めない。元の要素順は変えない。,負の数を抽出する,負の数を抽出して
expr-candidate-ebe99194f483966a95cf041810861fee0da158dd21d544ff08f2ea2af61258de,atomic-000009,"{""filter"":[""negative""]}",負の値だけを残す,0より小さい値を選び、0を含めない。元の要素順は変えない。,負の値を残しておく,負の値を残しておいて
expr-candidate-2c76f7dcdbdec55d7839d0fe1972833888bcb6a2553ca5512e9fd5a4037efd28,atomic-000009,"{""filter"":[""negative""]}",負の値だけを残す,0より小さい値を選び、0を含めない。元の要素順は変えない。,負の数に絞る,負の数に絞る
expr-candidate-c0f2b2cfa9457c1e5558c0fcfa7fbe5e4594c0a5fe711d1f8fedc30a282e449d,atomic-000009,"{""filter"":[""negative""]}",負の値だけを残す,0より小さい値を選び、0を含めない。元の要素順は変えない。,負の数を抜き出す,負の数を抜き出して
expr-candidate-6f463bd9ff77b4b4742c66ebf1d79d49d96cfefbd4e8ec60316258e64c425955,atomic-000009,"{""filter"":[""negative""]}",負の値だけを残す,0より小さい値を選び、0を含めない。元の要素順は変えない。,負の数を切り抜く,負の数を切り抜いて
expr-candidate-33f3c4e812e7e69a019512931f98139665e502e0d9be4242fe90673531cc8b6c,atomic-000010,"{""filter"":[""zero""]}",ゼロだけを残す,値が0である要素だけを選ぶ。元の要素順は変えない。,ゼロを選び出す,ゼロを選び出して
expr-candidate-536db95ad95d97cee2c7fba7bed07643afe15b8b996aae4bc81e0eeecfe41514,atomic-000010,"{""filter"":[""zero""]}",ゼロだけを残す,値が0である要素だけを選ぶ。元の要素順は変えない。,零を残す,零を残して
expr-candidate-58dd20bf41eacb6c163dc7c38d68c4a8a6d9be72d8a6e3c681b3dad65f236fae,atomic-000010,"{""filter"":[""zero""]}",ゼロだけを残す,値が0である要素だけを選ぶ。元の要素順は変えない。,ゼロだけを残す,ゼロだけを残して
expr-candidate-8d0ec03788399cac5b8698b52637bfbcb44af3c398db06c1a7420724e96d9e40,atomic-000010,"{""filter"":[""zero""]}",ゼロだけを残す,値が0である要素だけを選ぶ。元の要素順は変えない。,ゼロのみを残す,ゼロのみを残して
expr-candidate-3d3b20939052ca6255b46bda79dd0f57863f64126f863e08d42da176b5b17b42,atomic-000010,"{""filter"":[""zero""]}",ゼロだけを残す,値が0である要素だけを選ぶ。元の要素順は変えない。,ゼロを残す,ゼロを残して
expr-candidate-6d3285bb7c38c49ee7c8bcd9a6ec68c62ff16f3bc9d5918c459cf44d88920630,atomic-000010,"{""filter"":[""zero""]}",ゼロだけを残す,値が0である要素だけを選ぶ。元の要素順は変えない。,ゼロを抽出する,ゼロを抽出して
expr-candidate-a15a0bfe4de104b1daa9b688a9c7317dbfdc7031e3197ff975337dbe75bb710c,atomic-000010,"{""filter"":[""zero""]}",ゼロだけを残す,値が0である要素だけを選ぶ。元の要素順は変えない。,ゼロを抽出しておく,ゼロを抽出しておき
expr-candidate-ce7cf28abb31c8d2ae7178a4fd85a3a5477542644fcd950f0f4e2390da3c3a5b,atomic-000010,"{""filter"":[""zero""]}",ゼロだけを残す,値が0である要素だけを選ぶ。元の要素順は変えない。,ゼロを残しておく,ゼロを残しておき
expr-candidate-6282b770dbf7e1fc3b5623c947e6ddad8dc2b75a56a0b3674b83c880ca19759a,atomic-000010,"{""filter"":[""zero""]}",ゼロだけを残す,値が0である要素だけを選ぶ。元の要素順は変えない。,ゼロを残すようにする,ゼロを残すようにして
expr-candidate-2de792bd3d4acb2043bade408a206a625e2ceb79de7942cae4a31bc0e1acba3b,atomic-000010,"{""filter"":[""zero""]}",ゼロだけを残す,値が0である要素だけを選ぶ。元の要素順は変えない。,ゼロを選ぶ,ゼロを選んで
expr-candidate-9bbb84440011971ac4cc6e426330f018935d6e67ece78e0d36aa8936b1822f35,atomic-000010,"{""filter"":[""zero""]}",ゼロだけを残す,値が0である要素だけを選ぶ。元の要素順は変えない。,ゼロを取り出す,ゼロを取り出して
expr-candidate-182ab2e6c6d32e23a966692bc3669d9e92cd12337801ffe5b2d112e0c0891d06,atomic-000010,"{""filter"":[""zero""]}",ゼロだけを残す,値が0である要素だけを選ぶ。元の要素順は変えない。,ゼロを切り出す,ゼロを切り出して
expr-candidate-33a16307f8536dc576a824b661af4374c0da0881592400bf61133d535454db80,atomic-000011,"{""map"":[""add_k""]}",各要素にkを加える,リストの全要素をx+kへ変換する。,kを足す,kを足して
expr-candidate-88a66cdfd9d0a6d7a6c8bc210844338e639b9f1e3e82f322aa9ee7acaba2cdae,atomic-000011,"{""map"":[""add_k""]}",各要素にkを加える,リストの全要素をx+kへ変換する。,kを加える,kを加えて
expr-candidate-ba6b4201d3d8cd19555df8de113017d6d6c380de4f76a32ea925669979470e1a,atomic-000011,"{""map"":[""add_k""]}",各要素にkを加える,リストの全要素をx+kへ変換する。,kを追加する,kを追加して
expr-candidate-8fe941fad3a3f6387306a03ebf1ef8f86b2e93b44b426c32247f63fa401f764a,atomic-000011,"{""map"":[""add_k""]}",各要素にkを加える,リストの全要素をx+kへ変換する。,kを付加する,kを付加して
expr-candidate-61f37122ed907c4f75851d9b6820f3a795ba0e077b3f69c661d7162fd0ceaf59,atomic-000011,"{""map"":[""add_k""]}",各要素にkを加える,リストの全要素をx+kへ変換する。,kを加えて計算する,kを加えて計算して
expr-candidate-b709fecb81b685506fc32d5756d5666256c23c9d5ba148945914a3df6b0e5566,atomic-000011,"{""map"":[""add_k""]}",各要素にkを加える,リストの全要素をx+kへ変換する。,kを足して計算する,kを足して計算して
expr-candidate-d3260c0338c44a5c41a3971350ade16afcb841486cf7e413ef7448cbb25b788e,atomic-000011,"{""map"":[""add_k""]}",各要素にkを加える,リストの全要素をx+kへ変換する。,kを増やす,kを増して
expr-candidate-0aeaf9e8d4f9511efb5538043b36c4240932a12e8dee482b07a7bd3878795630,atomic-000011,"{""map"":[""add_k""]}",各要素にkを加える,リストの全要素をx+kへ変換する。,kを積算する,kを積算して
expr-candidate-30b28397e4caedf0f9ac710dc60ed4ef090eac3f14d8d6bab27fac135209e39e,atomic-000011,"{""map"":[""add_k""]}",各要素にkを加える,リストの全要素をx+kへ変換する。,kを加算する,kを加算して
expr-candidate-918e03f1dcb16264f1ed1e0ba15993badfdbadf821c14d5390291eabcc1da4ce,atomic-000011,"{""map"":[""add_k""]}",各要素にkを加える,リストの全要素をx+kへ変換する。,kを加えておく,kを加えておき
expr-candidate-da0f4e57d930dcbbd572330b8122f53ccc312102a986c6473820b8859ebe01a3,atomic-000011,"{""map"":[""add_k""]}",各要素にkを加える,リストの全要素をx+kへ変換する。,kを足しておく,kを足しておき
expr-candidate-11062f0cde5ccf3025c4a0cece17676d5deddd9663309a587088ffad7a56cbce,atomic-000011,"{""map"":[""add_k""]}",各要素にkを加える,リストの全要素をx+kへ変換する。,全ての数にkを加える,全ての数にkを加えて
expr-candidate-5223d931054b170b65e8d430ad13719baa07b2476beb44f49566c63af2ebf21c,atomic-000011,"{""map"":[""add_k""]}",各要素にkを加える,リストの全要素をx+kへ変換する。,各数にkを加える,各数にkを加えて
expr-candidate-52993b7684f2d15491a1c725a1077f4efbe1c987e4e8d4e5eb0708cbaaa14dcb,atomic-000011,"{""map"":[""add_k""]}",各要素にkを加える,リストの全要素をx+kへ変換する。,各要素にkを足す,各要素にkを足して
expr-candidate-583a67864334812473dc1a55fea36d38825c9438195480be339cfbc99d537833,atomic-000011,"{""map"":[""add_k""]}",各要素にkを加える,リストの全要素をx+kへ変換する。,各要素にkをプラスする,各要素にkをプラスして
expr-candidate-8bb5bfec1c19528092127bc3a5639515cdac17708be3dd2b746ca199f11239f3,atomic-000011,"{""map"":[""add_k""]}",各要素にkを加える,リストの全要素をx+kへ変換する。,各項目にkを足させる,各項目にkを足させて
expr-candidate-cd536258b9c7d9866670038219305613145fcc46d499f13ac3ad08f818127b39,atomic-000011,"{""map"":[""add_k""]}",各要素にkを加える,リストの全要素をx+kへ変換する。,全ての値にkを加える,全ての値にkを加えて
expr-candidate-d6c84eb6bbbc96a0f494c027468a571b6933fb90db3c481e4c999ac4cbda352e,atomic-000011,"{""map"":[""add_k""]}",各要素にkを加える,リストの全要素をx+kへ変換する。,各データにkを加える,各データにkを加えて
expr-candidate-e9b77ac34a80ea48ea875845a4ed97271461dfe03dcdd981b0e4822d95162f9c,atomic-000011,"{""map"":[""add_k""]}",各要素にkを加える,リストの全要素をx+kへ変換する。,各要素にkを加える,各要素にkを加えて
expr-candidate-f285858b9aaa7550af0c0124445b8cf3b8e2c1e5d2efc786fb7b690cdfcfbea5,atomic-000011,"{""map"":[""add_k""]}",各要素にkを加える,リストの全要素をx+kへ変換する。,すべての数字にkを足しておく,すべての数字にkを足しておき
expr-candidate-f965e598e879d3b053e0d290f2fee02c7f36605b6c64d78607bb544bc71bbe91,atomic-000011,"{""map"":[""add_k""]}",各要素にkを加える,リストの全要素をx+kへ変換する。,すべての項目にkを合わせる,すべての項目にkを合わせて
expr-candidate-52f1e1bfb39bc640a520fce0ded9669434755226d9182ee034a13524b5974b22,atomic-000011,"{""map"":[""add_k""]}",各要素にkを加える,リストの全要素をx+kへ変換する。,各項目にkを加える,各項目にkを加えて
expr-candidate-6d6e5634e3b4a86e08264cdd4637c17f3ff7f79a769d2e6d721a9a8de02e252a,atomic-000011,"{""map"":[""add_k""]}",各要素にkを加える,リストの全要素をx+kへ変換する。,各数にkを足す,各数にkを足して
expr-candidate-ca26ddf23a60a44700fd6a73e9064fef6cac17665ae8559dcd69feee09302b0d,atomic-000011,"{""map"":[""add_k""]}",各要素にkを加える,リストの全要素をx+kへ変換する。,すべてのデータにkを加える,すべてのデータにkを加えて
expr-candidate-cd8500165bc2a82bdc5371f0d3f2a3856cdc54a63fe30f32793b284c223e4d94,atomic-000011,"{""map"":[""add_k""]}",各要素にkを加える,リストの全要素をx+kへ変換する。,すべての項目にkを加える,すべての項目にkを加えて
expr-candidate-fc8ad3cab3133a9698c94b22a1de83bf9ca46732a0f6fd1de231ea0bdf97fc79,atomic-000011,"{""map"":[""add_k""]}",各要素にkを加える,リストの全要素をx+kへ変換する。,すべての値にkを加える,すべての値にkを加えて
expr-candidate-08517bf023c63ce3bf0ebdb1beb5418d9cf9ae8c200042cecc5d88b1efaf451f,atomic-000012,"{""map"":[""sub_k""]}",各要素からkを引く,リストの全要素をx-kへ変換する。k-xへ変えない。,各項目からkを引く,各項目からkを引き
expr-candidate-18bdebced888a14c821ca9db938d2c8938dcae5de1e5f4c495b10d264b9c52af,atomic-000012,"{""map"":[""sub_k""]}",各要素からkを引く,リストの全要素をx-kへ変換する。k-xへ変えない。,各数値からkを引く,各数値からkを引き
expr-candidate-2d82fb33058ad54625597a8340ad4df7dcf35fa6b60538765da37a583a8c4469,atomic-000012,"{""map"":[""sub_k""]}",各要素からkを引く,リストの全要素をx-kへ変換する。k-xへ変えない。,各要素からkを減らす,各要素からkを減らして
expr-candidate-e15c6510eb892f7d1a272b38eb823aa2cc2f891e6dccbdf2eedc10de58de9773,atomic-000012,"{""map"":[""sub_k""]}",各要素からkを引く,リストの全要素をx-kへ変換する。k-xへ変えない。,各データからkを引く,各データからkを引き
expr-candidate-e49a1e6c9e2a6bad4ec030128222887819ac2d18eba33410e0aa4ea1c54554da,atomic-000012,"{""map"":[""sub_k""]}",各要素からkを引く,リストの全要素をx-kへ変換する。k-xへ変えない。,それぞれからkを引く,それぞれからkを引き
expr-candidate-fdbc9d17eb5a1d67d133f24ddb0dd54195afc9623d5822b9c2549b8df8239143,atomic-000012,"{""map"":[""sub_k""]}",各要素からkを引く,リストの全要素をx-kへ変換する。k-xへ変えない。,各値からkを引く,各値からkを引き
expr-candidate-35f6de30fb329342fc6552c739b755bf591205826ae8d26d62a50da3421d8ba4,atomic-000012,"{""map"":[""sub_k""]}",各要素からkを引く,リストの全要素をx-kへ変換する。k-xへ変えない。,各値をkで減らす,各値をkで減らして
expr-candidate-76e6922ecfe045663da0715097fa32540b9b09da41ef884fa42432ca48aaf9ea,atomic-000012,"{""map"":[""sub_k""]}",各要素からkを引く,リストの全要素をx-kへ変換する。k-xへ変えない。,各要素からkを引く,各要素からkを引いて
expr-candidate-97d1552d1fba837f039ee290d05ccb91ffd3bb507ba7328d008df55c1869e013,atomic-000012,"{""map"":[""sub_k""]}",各要素からkを引く,リストの全要素をx-kへ変換する。k-xへ変えない。,各項目をkで減らす,各項目をkで減らして
expr-candidate-de16fa05ef9930f0de6acc0a6b768c3d60be5b3c29f4b6c2513cbde5ff8f6726,atomic-000012,"{""map"":[""sub_k""]}",各要素からkを引く,リストの全要素をx-kへ変換する。k-xへ変えない。,各データをkで引く,各データをkで引いて
expr-candidate-18766fb41783c52754ffbcee8b7f61ba91c7e4f93e8f97ffc5cfecd7c53cb847,atomic-000012,"{""map"":[""sub_k""]}",各要素からkを引く,リストの全要素をx-kへ変換する。k-xへ変えない。,各データからkを減らす,各データからkを減らして
expr-candidate-64a734f83a0ee30156690ee5d9f8288a3efccdf68173268c7d51a20ad4f37449,atomic-000012,"{""map"":[""sub_k""]}",各要素からkを引く,リストの全要素をx-kへ変換する。k-xへ変えない。,各数値からkをひく,各数値からkをひいて
expr-candidate-7c15e77066ed9103c2721c6547461c30d86e4538add1260857b7009076197c4e,atomic-000012,"{""map"":[""sub_k""]}",各要素からkを引く,リストの全要素をx-kへ変換する。k-xへ変えない。,各要素からkをひく,各要素からkをひいて
expr-candidate-6b774b872ee727d192f083c28b39a4e0b422464d0faa3ef3a4a8e4bf2201fe79,atomic-000012,"{""map"":[""sub_k""]}",各要素からkを引く,リストの全要素をx-kへ変換する。k-xへ変えない。,kを引く,kを引き
expr-candidate-8e4f31f96572f15e8ba0830f3da0f086f96de34860b1420ff3baa061e051c4a0,atomic-000012,"{""map"":[""sub_k""]}",各要素からkを引く,リストの全要素をx-kへ変換する。k-xへ変えない。,kを減らす,kを減らして
expr-candidate-47d23083f110fa14ecbc3e6f67c3626012a1f376ea2289ffc15660ec5b89575a,atomic-000012,"{""map"":[""sub_k""]}",各要素からkを引く,リストの全要素をx-kへ変換する。k-xへ変えない。,kをひく,kをひいて
expr-candidate-9cb2fa9b39c2d5b498c3a7d86f03d88c35588d5300132fb4bb98c4a97b9fcca3,atomic-000012,"{""map"":[""sub_k""]}",各要素からkを引く,リストの全要素をx-kへ変換する。k-xへ変えない。,kを差し引く,kを差し引いて
expr-candidate-07f458a86983f87212a8d472da9fb5c251c89c0b8bc616579ae128c9117f1d9b,atomic-000012,"{""map"":[""sub_k""]}",各要素からkを引く,リストの全要素をx-kへ変換する。k-xへ変えない。,各項目からkをひく,各項目からkをひいて
expr-candidate-1cb5945cc6c31e6db883e75fa1e58b88a34a7ca7c5c6f0576505433466a717e7,atomic-000012,"{""map"":[""sub_k""]}",各要素からkを引く,リストの全要素をx-kへ変換する。k-xへ変えない。,各データからkをひく,各データからkをひいて
expr-candidate-42277697cd739eb91ab2d6abd077651c2f0c16fa7a7cea324c706b7edd90ffd8,atomic-000012,"{""map"":[""sub_k""]}",各要素からkを引く,リストの全要素をx-kへ変換する。k-xへ変えない。,各値からkをひく,各値からkをひいて
expr-candidate-8aa9129fde3000cf9d5797496db26b21ba69d289fadf4f4e89cae331d7cf2337,atomic-000012,"{""map"":[""sub_k""]}",各要素からkを引く,リストの全要素をx-kへ変換する。k-xへ変えない。,各値からkを減らす,各値からkを減らして
expr-candidate-c0a08e2b826d99fd66edc05a21d7cdc3735f8eabe23749253650e85fd9ae4cb2,atomic-000012,"{""map"":[""sub_k""]}",各要素からkを引く,リストの全要素をx-kへ変換する。k-xへ変えない。,各項目からkを減らす,各項目からkを減らして
expr-candidate-fd94c79cc2208a1f6d187d0d3b58b2acfe82cefdfef632526bc4722109901c22,atomic-000012,"{""map"":[""sub_k""]}",各要素からkを引く,リストの全要素をx-kへ変換する。k-xへ変えない。,各数値からkを減らす,各数値からkを減らして
expr-candidate-13c5c14a47efa959eebb2f130abd75517e3288016111078299a85016dd99a916,atomic-000012,"{""map"":[""sub_k""]}",各要素からkを引く,リストの全要素をx-kへ変換する。k-xへ変えない。,各値からkを除く,各値からkを除いて
expr-candidate-16e22a6b7b92ea6b5e753f43a1a31dba7cc5109b8a14c741b5e462f008327e71,atomic-000012,"{""map"":[""sub_k""]}",各要素からkを引く,リストの全要素をx-kへ変換する。k-xへ変えない。,各数値からkを差し引く,各数値からkを差し引いて
expr-candidate-a57c936722020914e90b318699be2dc4bffb0c38f3109249b19bcb7a7ceea71e,atomic-000012,"{""map"":[""sub_k""]}",各要素からkを引く,リストの全要素をx-kへ変換する。k-xへ変えない。,各項目からkを差し引く,各項目からkを差し引いて
expr-candidate-a5c3da98de97c32819c46e1ae6b9cb4e59e8fc31683ff6b7ccc1bc33d9cdd1ca,atomic-000012,"{""map"":[""sub_k""]}",各要素からkを引く,リストの全要素をx-kへ変換する。k-xへ変えない。,各値からkを差し引く,各値からkを差し引いて
expr-candidate-a7affdaea615efa4d8f43fe256ee2ac72db9914a12b32a0a7f441f7cfcca344c,atomic-000012,"{""map"":[""sub_k""]}",各要素からkを引く,リストの全要素をx-kへ変換する。k-xへ変えない。,各データからkを差し引く,各データからkを差し引いて
expr-candidate-0664db478211e30277a2a2dbd83f49fd82aaf6493257668b637b5f9743ebaeba,atomic-000013,"{""map"":[""mul_k""]}",各要素にkを掛ける,リストの全要素をx*kへ変換する。,すべての要素をk倍する,すべての要素をk倍して
expr-candidate-1f2e314575ec94a3c3a2693eb8bd79f115dbde37fde7a702d26a9fa4d1591e70,atomic-000013,"{""map"":[""mul_k""]}",各要素にkを掛ける,リストの全要素をx*kへ変換する。,各項目にkを掛ける,各項目にkをかけて
expr-candidate-6aaaf206270ac6ce296de0cb2997e98a585e25c5d1f897d181b7803b981c19f7,atomic-000013,"{""map"":[""mul_k""]}",各要素にkを掛ける,リストの全要素をx*kへ変換する。,要素毎にkを乗じる,要素毎にkを乗じて
expr-candidate-6f37849727c59bb7392d87ab4ce3e6d628f97ac26ed04a9394c9d64eec8a2140,atomic-000013,"{""map"":[""mul_k""]}",各要素にkを掛ける,リストの全要素をx*kへ変換する。,各要素にkをかける,各要素にkをかけて
expr-candidate-e07d202bb4aa7801318654de2c3d463343352a4c36763e7a15b6c67d8c1ff578,atomic-000013,"{""map"":[""mul_k""]}",各要素にkを掛ける,リストの全要素をx*kへ変換する。,各値にkを乗算する,各値にkを乗算して
expr-candidate-fe863c9d26dfc3e17c6b22a2f84facd28aa475c3b7c370e535ce5e2b303ea928,atomic-000013,"{""map"":[""mul_k""]}",各要素にkを掛ける,リストの全要素をx*kへ変換する。,それぞれの項目にkを掛け算する,それぞれの項目にkを掛け算して
expr-candidate-8ccb21a03430a1a7d4ce77ef85f8acb0a513cc5741511202184b5869ae6a7a50,atomic-000013,"{""map"":[""mul_k""]}",各要素にkを掛ける,リストの全要素をx*kへ変換する。,各要素にkを掛ける,各要素にkを掛けて
expr-candidate-dad8a9607b8537d009f0b6297f1b5185b8e5672c83dca0fb3661e148e156f42b,atomic-000013,"{""map"":[""mul_k""]}",各要素にkを掛ける,リストの全要素をx*kへ変換する。,項目ごとにkをかける,項目ごとにkをかけて
expr-candidate-0acda429c32e4bc1e288b3a1de757cfd8efc5083d572c47a3d3376898923e177,atomic-000013,"{""map"":[""mul_k""]}",各要素にkを掛ける,リストの全要素をx*kへ変換する。,全ての項目にkを乗じる,全ての項目にkを乗じて
expr-candidate-134f05be9789d8ba29f4ae97b016a8e3e8c52c2ad3f41416618fd1c6ee8e351b,atomic-000013,"{""map"":[""mul_k""]}",各要素にkを掛ける,リストの全要素をx*kへ変換する。,全ての要素にkをかける,全ての要素にkをかけて
expr-candidate-97a2357d39752256132c7029ae36d7404928655eded2c43070a577ef1490c202,atomic-000013,"{""map"":[""mul_k""]}",各要素にkを掛ける,リストの全要素をx*kへ変換する。,各項目にkを乗じる,各項目にkを乗じて
expr-candidate-ba887dfb2ba74560079e2edcb55f9fa98d5cd78cef483438395a2590fee81047,atomic-000013,"{""map"":[""mul_k""]}",各要素にkを掛ける,リストの全要素をx*kへ変換する。,すべての値にkを乗算する,すべての値にkを乗算して
expr-candidate-d5b68e25c4469ce01cd89dfc6de9aba383897580d7a5669d2bd3b60a49d58f40,atomic-000013,"{""map"":[""mul_k""]}",各要素にkを掛ける,リストの全要素をx*kへ変換する。,各要素にkをかけさせる,各要素にkをかけさせ
expr-candidate-d946e2ac420af9056abf0ce8f888a716dafa6bf2ab21159bf2f830b7ef240a76,atomic-000013,"{""map"":[""mul_k""]}",各要素にkを掛ける,リストの全要素をx*kへ変換する。,各値にkを掛ける,各値にkをかけて
expr-candidate-fb4a4c70db1a8893a7f780b3a9f962a33e166b8f84d4b925393b72f443547963,atomic-000013,"{""map"":[""mul_k""]}",各要素にkを掛ける,リストの全要素をx*kへ変換する。,すべての項目にkを乗じる,すべての項目にkを乗じて
expr-candidate-2271b08baf719bbb359659dbc70e1cacbc32be611eba597fa66bca27a7356633,atomic-000013,"{""map"":[""mul_k""]}",各要素にkを掛ける,リストの全要素をx*kへ変換する。,各データにkを乗じる,各データにkを乗じて
expr-candidate-2385b3be1910809ad2d24c20f7fb006934d5f4e41a462c0af3ad9a9a5867441e,atomic-000013,"{""map"":[""mul_k""]}",各要素にkを掛ける,リストの全要素をx*kへ変換する。,すべての要素にkをかける,すべての要素にkをかけて
expr-candidate-45afb9664c285c68eddc5896c599da70ae8107b3edbfe0d70c38acfb305eb932,atomic-000013,"{""map"":[""mul_k""]}",各要素にkを掛ける,リストの全要素をx*kへ変換する。,各値にkを乗じる,各値にkを乗じて
expr-candidate-5278a127750337f4a95fd5dc8e4b0f6a4d17d2126369fd0471e2d7152680df8b,atomic-000013,"{""map"":[""mul_k""]}",各要素にkを掛ける,リストの全要素をx*kへ変換する。,すべての項目にkをかける,すべての項目にkをかけて
expr-candidate-64c437d2c8cf6d6d352505102f6261136ae639d2b23b5351f552aa8582ef1258,atomic-000013,"{""map"":[""mul_k""]}",各要素にkを掛ける,リストの全要素をx*kへ変換する。,個々の要素にkを乗算する,個々の要素にkを乗算して
expr-candidate-6f0a3f1131db004160561bafaf2aa5cbda468c4141b744ebf9596ee48025da7b,atomic-000013,"{""map"":[""mul_k""]}",各要素にkを掛ける,リストの全要素をx*kへ変換する。,各数にkを乗じる,各数にkを乗じて
expr-candidate-9c67926695ee136ed3ef0df8f5fcaaa773690614bec296e9e51f1dfe0686d507,atomic-000013,"{""map"":[""mul_k""]}",各要素にkを掛ける,リストの全要素をx*kへ変換する。,すべてのデータにkを乘じる,すべてのデータにkを乗じて
expr-candidate-2bc647d89b6ae311d37f8785a58d59b9193a5822baa9246ae837e44a83c35ccf,atomic-000013,"{""map"":[""mul_k""]}",各要素にkを掛ける,リストの全要素をx*kへ変換する。,各項目にkをかける,各項目にkをかけて
expr-candidate-6029050c716c40f422047f4944864071537107fb73c568b332280fe1abd19ad3,atomic-000013,"{""map"":[""mul_k""]}",各要素にkを掛ける,リストの全要素をx*kへ変換する。,各数値にkをかける,各数値にkをかけて
expr-candidate-8eeb612b221ded8f82da48bf74884521576145618e19517261a894c1480df848,atomic-000013,"{""map"":[""mul_k""]}",各要素にkを掛ける,リストの全要素をx*kへ変換する。,各数にkをかける,各数にkをかけて
expr-candidate-d2d75c6edd3e7af166333fa306d8f11faf308c57434e101bf72ff5c55a8fb9dd,atomic-000013,"{""map"":[""mul_k""]}",各要素にkを掛ける,リストの全要素をx*kへ変換する。,各値にkをかける,各値にkをかけて
expr-candidate-0fbdfda27be9e7d5008c9235e0dda991fc1721450e17e1f7e552f815f73fa746,atomic-000014,"{""map"":[""mul_const"",2]}",各要素を2倍する,リストの全要素を2倍する。k倍や3倍へ変えない。,すべての値を2倍する,すべての値を2倍して
expr-candidate-4d716ed7143b7923cc053a8072826454acc0af185b58f29fed930c1c318f7a77,atomic-000014,"{""map"":[""mul_const"",2]}",各要素を2倍する,リストの全要素を2倍する。k倍や3倍へ変えない。,数列の全ての数を2倍する,数列の全ての数を2倍して
expr-candidate-648ec8d8a68dafde5cade8472d557f4dea236bf7f5172770eedea2f98c5d24a1,atomic-000014,"{""map"":[""mul_const"",2]}",各要素を2倍する,リストの全要素を2倍する。k倍や3倍へ変えない。,全ての項目を2倍する,全ての項目を2倍して
expr-candidate-64fe4ff94c1588df8ae6cea836330ce586d96585ef61b0b55bce43046c8eb587,atomic-000014,"{""map"":[""mul_const"",2]}",各要素を2倍する,リストの全要素を2倍する。k倍や3倍へ変えない。,各要素を2倍にする,各要素を2倍にして
expr-candidate-a2b248af2ef0565c2010317de136f53f0bd11b5d25abe4019efdaa37cae48e2f,atomic-000014,"{""map"":[""mul_const"",2]}",各要素を2倍する,リストの全要素を2倍する。k倍や3倍へ変えない。,要素全てを2倍する,要素全てを2倍して
expr-candidate-de3064791a97a24d01d3464de7abb9422edc2484e7dc6282254c2c9f7b90480c,atomic-000014,"{""map"":[""mul_const"",2]}",各要素を2倍する,リストの全要素を2倍する。k倍や3倍へ変えない。,すべての数を2倍させる,すべての数を2倍して
expr-candidate-ea2e2883d2eeb4cee2844d0e521d68a3b993c46137a5f5931eb53419d33799ad,atomic-000014,"{""map"":[""mul_const"",2]}",各要素を2倍する,リストの全要素を2倍する。k倍や3倍へ変えない。,全体を2倍する,全体を2倍して
expr-candidate-ff2a882f3e259e75a77df4f44a9f8294db138b34803e79eaa69a6381e27d0e07,atomic-000014,"{""map"":[""mul_const"",2]}",各要素を2倍する,リストの全要素を2倍する。k倍や3倍へ変えない。,各数を2倍する,各数を2倍して
expr-candidate-383fc50e012c8aac78d58fd9721fd885d3b140bb8ee594bbd2536340973e3ea6,atomic-000014,"{""map"":[""mul_const"",2]}",各要素を2倍する,リストの全要素を2倍する。k倍や3倍へ変えない。,すべてのデータを2倍にする,すべてのデータを2倍にして
expr-candidate-3b64b1cc7b8d6375d93279bc28dcfe430dee83072b3c3fa69ef26370e77d62d3,atomic-000014,"{""map"":[""mul_const"",2]}",各要素を2倍する,リストの全要素を2倍する。k倍や3倍へ変えない。,各数を2倍にする,各数を2倍にして
expr-candidate-3da6447583e9476f78e48cb980444cfdd81e0dae2d41a5ec0775ba8879cb7de2,atomic-000014,"{""map"":[""mul_const"",2]}",各要素を2倍する,リストの全要素を2倍する。k倍や3倍へ変えない。,数列の各元を2倍にする,数列の各元を2倍にして
expr-candidate-7d0039958c2fe81ffe452e2516908cb3e9149d2e69e6e612e7a9e110e91d7606,atomic-000014,"{""map"":[""mul_const"",2]}",各要素を2倍する,リストの全要素を2倍する。k倍や3倍へ変えない。,すべての項目を2倍にする,すべての項目を2倍にして
expr-candidate-a9adca96fa1d18238012cb4720a973ce364e4bfb3931e2019970f6201cdacb3a,atomic-000014,"{""map"":[""mul_const"",2]}",各要素を2倍する,リストの全要素を2倍する。k倍や3倍へ変えない。,数列の全ての要素を2倍にする,数列の全ての要素を2倍にして
expr-candidate-cbbc089f7c7e3b2a265ebe7eedc69711aafdf040523ee998411580a08a53b3e9,atomic-000014,"{""map"":[""mul_const"",2]}",各要素を2倍する,リストの全要素を2倍する。k倍や3倍へ変えない。,全ての値を2倍にする,全ての値を2倍にして
expr-candidate-e75471ba803217058e0a0d3650eee558b9b1eae66a0aed88d61a2e7b9da86a34,atomic-000014,"{""map"":[""mul_const"",2]}",各要素を2倍する,リストの全要素を2倍する。k倍や3倍へ変えない。,全ての数を2倍にする,全ての数を2倍にして
expr-candidate-f8ac781787695d8ee36da0aa041c84d6ecd3bad9614a39728748d3cde5f0f343,atomic-000014,"{""map"":[""mul_const"",2]}",各要素を2倍する,リストの全要素を2倍する。k倍や3倍へ変えない。,要素すべてを2倍にする,要素すべてを2倍にして
expr-candidate-7a1c7f69206311412f2cab05feacfb8b1dabc6d87b1c12b9f22474873717e048,atomic-000014,"{""map"":[""mul_const"",2]}",各要素を2倍する,リストの全要素を2倍する。k倍や3倍へ変えない。,数を2倍にする,数を2倍にして
expr-candidate-105ab0cc0f0db80a6d434908aad64c92313bb01ddffe5cd124f56cf40d43c3fe,atomic-000014,"{""map"":[""mul_const"",2]}",各要素を2倍する,リストの全要素を2倍する。k倍や3倍へ変えない。,要素を2倍する,要素を2倍して
expr-candidate-11982902dbd7a912cb1704b747385e7e7a6b696580ad2811387bdbb450d3c465,atomic-000014,"{""map"":[""mul_const"",2]}",各要素を2倍する,リストの全要素を2倍する。k倍や3倍へ変えない。,項目を2倍する,項目を2倍して
expr-candidate-63d1ef3e2a3e075b7dfefa63d8ba26773f94a12f89808762516b6470ecfb5086,atomic-000014,"{""map"":[""mul_const"",2]}",各要素を2倍する,リストの全要素を2倍する。k倍や3倍へ変えない。,元を2倍する,元を2倍して
expr-candidate-c5a2c11e8988afc2ba190bcc781270a038a7bc685f823521c6a53b767fe749ec,atomic-000014,"{""map"":[""mul_const"",2]}",各要素を2倍する,リストの全要素を2倍する。k倍や3倍へ変えない。,データを2倍する,データを2倍して
expr-candidate-e9ca97d49c3d3165d46b068e7d48dc322ed62e2709cd615194310d295f330987,atomic-000014,"{""map"":[""mul_const"",2]}",各要素を2倍する,リストの全要素を2倍する。k倍や3倍へ変えない。,値を2倍する,値を2倍して
expr-candidate-1d145a16ac11b282097772749a1a3a47a9ff21aecaf8781c05d4a3995aed8cae,atomic-000015,"{""map"":[""mul_const"",3]}",各要素を3倍する,リストの全要素を3倍する。k倍や2倍へ変えない。,要素を三倍する,要素を三倍して
expr-candidate-2baae54a37e707574bbd8ecacee31b43eb0febf8524ff17f5bb6d7db1e330994,atomic-000015,"{""map"":[""mul_const"",3]}",各要素を3倍する,リストの全要素を3倍する。k倍や2倍へ変えない。,すべてを三倍する,すべてを三倍して
expr-candidate-373f07e7873c47832f8fd30497e0d70e7fea18d4911f18c5b2e957a652dd23ca,atomic-000015,"{""map"":[""mul_const"",3]}",各要素を3倍する,リストの全要素を3倍する。k倍や2倍へ変えない。,全部を三倍する,全部を三倍して
expr-candidate-3beb2ea968efa5b0ea534f50c76386dec50005c8e3058688dcbde90ad3ad030a,atomic-000015,"{""map"":[""mul_const"",3]}",各要素を3倍する,リストの全要素を3倍する。k倍や2倍へ変えない。,すべてのデータを三倍する,すべてのデータを三倍して
expr-candidate-49102d5cdaabd9b141add7ba270f133d9605a58e48eafbead908424ac8147602,atomic-000015,"{""map"":[""mul_const"",3]}",各要素を3倍する,リストの全要素を3倍する。k倍や2倍へ変えない。,それぞれを三倍する,それぞれを三倍して
expr-candidate-78d2791faaa5d863bf9e18958fed09904d20128fa3816f59c4845de574b1c40e,atomic-000015,"{""map"":[""mul_const"",3]}",各要素を3倍する,リストの全要素を3倍する。k倍や2倍へ変えない。,すべての数を三倍する,すべての数を三倍して
expr-candidate-81d4bd214422295c55cfb6117f71a332b93fd06332f7d7c498c0b712727a8edc,atomic-000015,"{""map"":[""mul_const"",3]}",各要素を3倍する,リストの全要素を3倍する。k倍や2倍へ変えない。,各数字を三倍する,各数字を三倍して
expr-candidate-8832f3992d28d5f29491262cf3de499b1f7107e088cdb7a8499818613539418f,atomic-000015,"{""map"":[""mul_const"",3]}",各要素を3倍する,リストの全要素を3倍する。k倍や2倍へ変えない。,全てを三倍する,全てを三倍して
expr-candidate-99a2507f60ba2a2dd147654915dca59013965bd591297a8fc9e00aa634284d84,atomic-000015,"{""map"":[""mul_const"",3]}",各要素を3倍する,リストの全要素を3倍する。k倍や2倍へ変えない。,各要素を三倍する,各要素を三倍して
expr-candidate-9a721e5d6b95aa8832bb50a9099230e11a754ceca1d1b4d8cc2aa49a2413d777,atomic-000015,"{""map"":[""mul_const"",3]}",各要素を3倍する,リストの全要素を3倍する。k倍や2倍へ変えない。,各数を三倍する,各数を三倍して
expr-candidate-b67a7b14c8733f88c4c22e5c94ea3183847ea5542e5fd7375e82e024c2309b09,atomic-000015,"{""map"":[""mul_const"",3]}",各要素を3倍する,リストの全要素を3倍する。k倍や2倍へ変えない。,各値を三倍する,各値を三倍して
expr-candidate-bdaa2733aa9c71ed72cbc22ced7f8999a7e5a7f962ab75f0e76b58bbe1ab8592,atomic-000015,"{""map"":[""mul_const"",3]}",各要素を3倍する,リストの全要素を3倍する。k倍や2倍へ変えない。,各項目を三倍する,各項目を三倍して
expr-candidate-c8fae6f5639b352678d886af2c0f684d030282b6f4b7b3f2e2482e0673c41e7d,atomic-000015,"{""map"":[""mul_const"",3]}",各要素を3倍する,リストの全要素を3倍する。k倍や2倍へ変えない。,各データを三倍する,各データを三倍して
expr-candidate-e77ec39603381a0e20b34de2990b5fa96ba07561fc27d85ed7e4212ef61200eb,atomic-000015,"{""map"":[""mul_const"",3]}",各要素を3倍する,リストの全要素を3倍する。k倍や2倍へ変えない。,全体を三倍する,全体を三倍して
expr-candidate-f43972c82785c9220c285898d3bb7281c9b267b39998d5c1268e503101b2587b,atomic-000015,"{""map"":[""mul_const"",3]}",各要素を3倍する,リストの全要素を3倍する。k倍や2倍へ変えない。,すべての項目を三倍する,すべての項目を三倍して
expr-candidate-6494bc40b201d1c330bf3a2572115a1e1f3f7a1b8f5b096db2db58d55c35ab4d,atomic-000015,"{""map"":[""mul_const"",3]}",各要素を3倍する,リストの全要素を3倍する。k倍や2倍へ変えない。,全体の数を三倍する,全体の数を三倍して
expr-candidate-68cd1f7437098a3fd587ca90629b7a412fd2853098413ff7765ee2800b936727,atomic-000015,"{""map"":[""mul_const"",3]}",各要素を3倍する,リストの全要素を3倍する。k倍や2倍へ変えない。,すべての要素を三倍する,すべての要素を三倍して
expr-candidate-8d356ab42d997e44baf6e8a8efca05472d6b2a335d5c13865294b219f326d133,atomic-000015,"{""map"":[""mul_const"",3]}",各要素を3倍する,リストの全要素を3倍する。k倍や2倍へ変えない。,すべてのデータの値を三倍する,すべてのデータの値を三倍して
expr-candidate-a5cbc631f318fd33f066150d388c7d673c5aeeb8acb4fd21152ac50872ad7e7f,atomic-000015,"{""map"":[""mul_const"",3]}",各要素を3倍する,リストの全要素を3倍する。k倍や2倍へ変えない。,すべての数の項目を三倍する,すべての数の項目を三倍して
expr-candidate-ab6ec7903c670197696bb50354a4f0f7ff9f0add3f514795b11aad45681d3674,atomic-000015,"{""map"":[""mul_const"",3]}",各要素を3倍する,リストの全要素を3倍する。k倍や2倍へ変えない。,各項目の値を三倍する,各項目の値を三倍して
expr-candidate-bd4e542ab9f15ad8a048377fa1d59546dfb2efd4a921fa0d6e7c6f46b2992336,atomic-000015,"{""map"":[""mul_const"",3]}",各要素を3倍する,リストの全要素を3倍する。k倍や2倍へ変えない。,各データの数を三倍する,各データの数を三倍して
expr-candidate-5607f535977c0cc4fd2acf0e85deb9e651d79dc98bdf9376bf9ea1cc8aca61e3,atomic-000015,"{""map"":[""mul_const"",3]}",各要素を3倍する,リストの全要素を3倍する。k倍や2倍へ変えない。,各項目の数を三倍する,各項目の数を三倍して
expr-candidate-93a832d4f4ec16696c00c5a2370385e3a2bfab1ea6887fde344766ebb39b19af,atomic-000015,"{""map"":[""mul_const"",3]}",各要素を3倍する,リストの全要素を3倍する。k倍や2倍へ変えない。,各数の値を三倍する,各数の値を三倍して
expr-candidate-efd4567f8dad8bc3a6dd237ec499c2db904837b3ef2ece327593e1845af6b3b2,atomic-000015,"{""map"":[""mul_const"",3]}",各要素を3倍する,リストの全要素を3倍する。k倍や2倍へ変えない。,各データの値を三倍する,各データの値を三倍して
expr-candidate-43eed9af1d31afaf75d823d28e85bc756e7d878bb9d03c45547dfb610fd8ceef,atomic-000015,"{""map"":[""mul_const"",3]}",各要素を3倍する,リストの全要素を3倍する。k倍や2倍へ変えない。,すべての数の値を三倍する,すべての数の値を三倍して
expr-candidate-63c47dce4624a3a07e30dc37354397c6f8c37bcbcf9cdff634c4ed33807493cb,atomic-000015,"{""map"":[""mul_const"",3]}",各要素を3倍する,リストの全要素を3倍する。k倍や2倍へ変えない。,すべての値を三倍する,すべての値を三倍して
expr-candidate-97a6db9acf24c2bde20bd33b44fda3ded736a94dc396e74628992b6a3c691ab7,atomic-000015,"{""map"":[""mul_const"",3]}",各要素を3倍する,リストの全要素を3倍する。k倍や2倍へ変えない。,すべての項目の数を三倍する,すべての項目の数を三倍して
expr-candidate-013a21ef678f31713d63ef83a7f0426b8c10b297c0e8819d0450b6c0ebd566c1,atomic-000016,"{""map"":[""negate""]}",各要素の符号を反転する,各要素xを-xへ変換する。リストの並び順を反転する操作ではない。,正負をひっくり返す,正負をひっくり返して
expr-candidate-2a476b59a01a3f771bdfd0ed86d15cbac98cd64015713a83c4e7ca759fe6b09e,atomic-000016,"{""map"":[""negate""]}",各要素の符号を反転する,各要素xを-xへ変換する。リストの並び順を反転する操作ではない。,正負を反転する,正負を反転して
expr-candidate-555031dbf048aa4d6878937f321c6113eb16766d2b07657220fe36a63d373601,atomic-000016,"{""map"":[""negate""]}",各要素の符号を反転する,各要素xを-xへ変換する。リストの並び順を反転する操作ではない。,正負を逆転させる,正負を逆転させて
expr-candidate-55bea0cb50acbb351362dc45f8536fc80029dd55274b853a9488a59a8f3fa1d6,atomic-000016,"{""map"":[""negate""]}",各要素の符号を反転する,各要素xを-xへ変換する。リストの並び順を反転する操作ではない。,数の正負を入れ替える,数の正負を入れ替えて
expr-candidate-b7d2bc67c18207d90414d174cdc8c969ef42641a282fabca2ad6b27936f9fdcc,atomic-000016,"{""map"":[""negate""]}",各要素の符号を反転する,各要素xを-xへ変換する。リストの並び順を反転する操作ではない。,値の符号を逆転する,値の符号を逆転して
expr-candidate-ba07414bc03333c534e562987ead824c869f74a89aa818a56f49e9ef7966fcd8,atomic-000016,"{""map"":[""negate""]}",各要素の符号を反転する,各要素xを-xへ変換する。リストの並び順を反転する操作ではない。,数の符号を変える,数の符号を変えて
expr-candidate-c30c0a42207fc15f353c9325d857875b2489156e7448ccd2f2d30d243ad8b999,atomic-000016,"{""map"":[""negate""]}",各要素の符号を反転する,各要素xを-xへ変換する。リストの並び順を反転する操作ではない。,正負を変える,正負を変えて
expr-candidate-d0546fc776e24283a1b3ebfd5d66319267c2a3c21aa84df595cc4f7c7c1d35ef,atomic-000016,"{""map"":[""negate""]}",各要素の符号を反転する,各要素xを-xへ変換する。リストの並び順を反転する操作ではない。,符号を反転する,符号を反転して
expr-candidate-d66b17e68b8dcaefc0ec04c22c5ab2d86407b3a8b8ca4a9d5a33a341cb43bb88,atomic-000016,"{""map"":[""negate""]}",各要素の符号を反転する,各要素xを-xへ変換する。リストの並び順を反転する操作ではない。,数の符号を反転する,数の符号を反転して
expr-candidate-d7960e671711b358839ba224f58fefee5a20505a412f1a97c81fc7bcf1828d54,atomic-000016,"{""map"":[""negate""]}",各要素の符号を反転する,各要素xを-xへ変換する。リストの並び順を反転する操作ではない。,値の符号を反転する,値の符号を反転して
expr-candidate-e81a64ce79d20e5c05bb2f9cca19a5bde070ad76e6baf8d6b674208e2d754a71,atomic-000016,"{""map"":[""negate""]}",各要素の符号を反転する,各要素xを-xへ変換する。リストの並び順を反転する操作ではない。,符号の正負に変える,符号の正負に変えて
expr-candidate-e89184af2c8bb79f31ee848e60cccd49fdf32a756d23442695278a8ea009a83f,atomic-000016,"{""map"":[""negate""]}",各要素の符号を反転する,各要素xを-xへ変換する。リストの並び順を反転する操作ではない。,値の正負を切り替える,値の正負を切り替えて
expr-candidate-efbf2177874093b0f0146d74bcaaed4137029d8b8fa1ec89f54e09819714c878,atomic-000016,"{""map"":[""negate""]}",各要素の符号を反転する,各要素xを-xへ変換する。リストの並び順を反転する操作ではない。,符号を変える,符号を変えて
expr-candidate-f22241e5d61bf102661b75048b2943c079f1bf1de0b762a1a85dd8d92b754860,atomic-000016,"{""map"":[""negate""]}",各要素の符号を反転する,各要素xを-xへ変換する。リストの並び順を反転する操作ではない。,数の正負をひっくりかえる,数の正負をひっくりかえて
expr-candidate-a36446ad630f700f715d27250d59f7d13558fb1ad8b35c4476aaf6d62080d735,atomic-000016,"{""map"":[""negate""]}",各要素の符号を反転する,各要素xを-xへ変換する。リストの並び順を反転する操作ではない。,数の正負を反転する,数の正負を反転して
expr-candidate-c88ed025127034be04aeabfc5ecce2a06651e717fde486b1d181d2d4282dbacc,atomic-000016,"{""map"":[""negate""]}",各要素の符号を反転する,各要素xを-xへ変換する。リストの並び順を反転する操作ではない。,数の正負を切り替える,数の正負を切り替えて
expr-candidate-eab56fa519e62ed224ab8ebb26960fec6c73d67ccebb05ac19bc1d34aaf0c892,atomic-000016,"{""map"":[""negate""]}",各要素の符号を反転する,各要素xを-xへ変換する。リストの並び順を反転する操作ではない。,数の符号を正負に変える,数の符号を正負に変えて
expr-candidate-597d8c43c6cd9815f302c1ee18a2360517bfc6e80a03f7fb5e89e457dcb4c95c,atomic-000016,"{""map"":[""negate""]}",各要素の符号を反転する,各要素xを-xへ変換する。リストの並び順を反転する操作ではない。,数の正負を変える,数の正負を変えて
expr-candidate-5ed5957c6553d96416b1438881edf782fda640eec622ead7690803b8f8dc4f63,atomic-000016,"{""map"":[""negate""]}",各要素の符号を反転する,各要素xを-xへ変換する。リストの並び順を反転する操作ではない。,値の正負を変える,値の正負を変えて
expr-candidate-e355235cb02d0607f51014bc3221e46d75a226f2c1cd98c24fe66d34f2ca8e25,atomic-000016,"{""map"":[""negate""]}",各要素の符号を反転する,各要素xを-xへ変換する。リストの並び順を反転する操作ではない。,値の符号を変える,値の符号を変えて
expr-candidate-0fe38598c08612e676393bc07e0d8fd299f15db8a29cc0941706436f286d5169,atomic-000017,"{""map"":[""abs""]}",各要素の絶対値を取る,リストの全要素を絶対値へ変換する。,絶対値を取る,絶対値を取りて
expr-candidate-16f25206243f825c50e1daef0b663d2e1c77dd1771ed30ddb83f52f14eb43110,atomic-000017,"{""map"":[""abs""]}",各要素の絶対値を取る,リストの全要素を絶対値へ変換する。,絶対値を計算する,絶対値を計算して
expr-candidate-1dc7d8e361d626ff8da4de4bcc79ddb381ca69da0756d9a8f89fd96c52ffaa76,atomic-000017,"{""map"":[""abs""]}",各要素の絶対値を取る,リストの全要素を絶対値へ変換する。,絶対値を取る操作を行う,絶対値を取る操作を行って
expr-candidate-1ef505c401dff0a71264f4bcad85b70fd4bbbd823ccb3b2ddf00d38882946e4f,atomic-000017,"{""map"":[""abs""]}",各要素の絶対値を取る,リストの全要素を絶対値へ変換する。,各数の絶対値を計算する,各数の絶対値を計算して
expr-candidate-247169cc1ba5b27c44f4767a7e816e929093be6d36fc5e4ff16fbd569d426205,atomic-000017,"{""map"":[""abs""]}",各要素の絶対値を取る,リストの全要素を絶対値へ変換する。,すべての数の絶対値を計算する,すべての数の絶対値を計算して
expr-candidate-55e2bfd18a562b9061ab8226d10e10ceecb1eb5087ca3249e8dbed7f5100d30c,atomic-000017,"{""map"":[""abs""]}",各要素の絶対値を取る,リストの全要素を絶対値へ変換する。,各要素の絶対値を取得する,各要素の絶対値を取得して
expr-candidate-5ba434c82debd91b1859c396218e1be2d6ba37fe3e7362b14a129bef96eb1804,atomic-000017,"{""map"":[""abs""]}",各要素の絶対値を取る,リストの全要素を絶対値へ変換する。,各数の絶対値を変える,各数の絶対値を変えて
expr-candidate-6dd14e513b8b03923f14823a7a7c5d1c9f61363c7ebba5701b65258b2521a4bd,atomic-000017,"{""map"":[""abs""]}",各要素の絶対値を取る,リストの全要素を絶対値へ変換する。,すべての要素の絶対値を求める,すべての要素の絶対値を求めて
expr-candidate-cd40a7a0863047005eb6b62e571488ce718170e2abbc81723bf1556cd58a8ee5,atomic-000017,"{""map"":[""abs""]}",各要素の絶対値を取る,リストの全要素を絶対値へ変換する。,絶対値を求める,絶対値を求めて
expr-candidate-d09a84a3eff0af1034a6c8e38d8f3eec822b5fa4432f37b7c24643c1c27b0e07,atomic-000017,"{""map"":[""abs""]}",各要素の絶対値を取る,リストの全要素を絶対値へ変換する。,各データの絶対値を求める,各データの絶対値を求めて
expr-candidate-d1edb689f7649175447b252c013e94582f569aa18929e216ceb77613bebf9ba6,atomic-000017,"{""map"":[""abs""]}",各要素の絶対値を取る,リストの全要素を絶対値へ変換する。,各要素の絶対値を取る,各要素の絶対値を取って
expr-candidate-ddadbdf12244aadb4f53c106344a13ccba64cfd78cb63a730df48c4b74a55dc8,atomic-000017,"{""map"":[""abs""]}",各要素の絶対値を取る,リストの全要素を絶対値へ変換する。,数値の絶対値を求める,数値の絶対値を求めて
expr-candidate-fd7c2df926fa6e3137635269cf1cc8a380054de9c862ec48766aaa1877f32f12,atomic-000017,"{""map"":[""abs""]}",各要素の絶対値を取る,リストの全要素を絶対値へ変換する。,すべての数の絶対値を求める,すべての数の絶対値を求めて
expr-candidate-1339427479e88dffc4c27f117ec0427a3f81db936eb496228bc5f769292ce45f,atomic-000017,"{""map"":[""abs""]}",各要素の絶対値を取る,リストの全要素を絶対値へ変換する。,各数の絶対値を取る,各数の絶対値を取って
expr-candidate-1df1958373aa5e223938f1df3ed77873ed6db53c9e9dfc38b45613fa7fac3fab,atomic-000017,"{""map"":[""abs""]}",各要素の絶対値を取る,リストの全要素を絶対値へ変換する。,絶対値を確保する,絶対値を確保して
expr-candidate-257634806f410bdc9c2ec1ff2d73aab88bb4b2376c1c4627d9f5abcfe28107f3,atomic-000017,"{""map"":[""abs""]}",各要素の絶対値を取る,リストの全要素を絶対値へ変換する。,絶対値を抽出する,絶対値を抽出して
expr-candidate-757a28fa4e31a92db41e08b0a5a01f92d252a329f51b4b912cf805b3c25a9809,atomic-000017,"{""map"":[""abs""]}",各要素の絶対値を取る,リストの全要素を絶対値へ変換する。,全ての数の絶対値を求める,全ての数の絶対値を求めて
expr-candidate-9dc1874a0599afb124a96199334e03de892b989202876197ad16e5ad9a5d4d1f,atomic-000017,"{""map"":[""abs""]}",各要素の絶対値を取る,リストの全要素を絶対値へ変換する。,絶対値を変える,絶対値を変えて
expr-candidate-b6dcc7ec2ddab1520f1f8f5722a374a18e36817fc93ec0f1ac7feb01af7924bb,atomic-000017,"{""map"":[""abs""]}",各要素の絶対値を取る,リストの全要素を絶対値へ変換する。,数の絶対値を求める,数の絶対値を求めて
expr-candidate-6d8e17a69225b374655d390bda8ff627e7e474eab9890236e0c33368ca25440d,atomic-000017,"{""map"":[""abs""]}",各要素の絶対値を取る,リストの全要素を絶対値へ変換する。,絶対値を変数に格納する,絶対値を変数に格納して
expr-candidate-1984cfdd894a50e588243eb47941d5ef54e6dac41426cbb4f21092da4877ce11,atomic-000017,"{""map"":[""abs""]}",各要素の絶対値を取る,リストの全要素を絶対値へ変換する。,各要素の絶対値を求める,各要素の絶対値を求めて
expr-candidate-957b19cc517d2bf3706f4961994139f4d23c1a86064472eafe63a8be15b8b92a,atomic-000017,"{""map"":[""abs""]}",各要素の絶対値を取る,リストの全要素を絶対値へ変換する。,絶対値を取得する,絶対値を取得して
expr-candidate-de284f4488c18f20cfe849ad340393539b5baa768dd578bf2268733077f27c21,atomic-000017,"{""map"":[""abs""]}",各要素の絶対値を取る,リストの全要素を絶対値へ変換する。,絶対値を算出する,絶対値を算出して
expr-candidate-eee15ee3bdfe4f0ada075c599bed547e0bdef2a4e53bebfed5409b2c5aff394b,atomic-000017,"{""map"":[""abs""]}",各要素の絶対値を取る,リストの全要素を絶対値へ変換する。,絶対値を導き出す,絶対値を導き出して
expr-candidate-018b9677c5fa91f0d2d3a998f2c43e18c89065f88430d4fcb2a86a26e955ee29,atomic-000018,"{""map"":[""square""]}",各要素を二乗する,リストの全要素xをxの2乗へ変換する。2倍へ変えない。,すべての値を自乗する,すべての値を自乗して
expr-candidate-0bbd2edb9b45a1dc31940f700c9009b44c5080586ec8d1ab961eed1440c22549,atomic-000018,"{""map"":[""square""]}",各要素を二乗する,リストの全要素xをxの2乗へ変換する。2倍へ変えない。,すべての数を二乗する,すべての数を二乗して
expr-candidate-23f8a45959af94bd37743e38f42430cfd0e68b6cb829e2a208f39c79e42dd8e2,atomic-000018,"{""map"":[""square""]}",各要素を二乗する,リストの全要素xをxの2乗へ変換する。2倍へ変えない。,各値を平方する,各値を平方して
expr-candidate-775ca3d2af92132171e9c8ad39526092e2b6174f27afc90b9209241661a0dc89,atomic-000018,"{""map"":[""square""]}",各要素を二乗する,リストの全要素xをxの2乗へ変換する。2倍へ変えない。,各数を平方する,各数を平方して
expr-candidate-8c154929eea00b3e844d4f1e9b417746a989f85b32a5bcc497bd0eba3c7f0dd9,atomic-000018,"{""map"":[""square""]}",各要素を二乗する,リストの全要素xをxの2乗へ変換する。2倍へ変えない。,すべての項目を二乗する,すべての項目を二乗して
expr-candidate-bc14777d4fb0b679dc4a648b5f9bb558d4e61c14a963d389af63b28482201a45,atomic-000018,"{""map"":[""square""]}",各要素を二乗する,リストの全要素xをxの2乗へ変換する。2倍へ変えない。,各要素を二乗する,各要素を二乗して
expr-candidate-cb875e91ad64199936a1159b50fdcccfc7d35ae3fe279f890e210946e5d1bef0,atomic-000018,"{""map"":[""square""]}",各要素を二乗する,リストの全要素xをxの2乗へ変換する。2倍へ変えない。,すべての要素を平方させる,すべての要素を平方させ
expr-candidate-e7abdfd57848c7cb29f5eac1689a9584091864070381ba347182c60295b3871d,atomic-000018,"{""map"":[""square""]}",各要素を二乗する,リストの全要素xをxの2乗へ変換する。2倍へ変えない。,それぞれの数を二乗する,それぞれの数を二乗して
expr-candidate-ffee3cb25809a257b0cb0dca9ea16a5a1d1555f732970179e1290fe75b73816f,atomic-000018,"{""map"":[""square""]}",各要素を二乗する,リストの全要素xをxの2乗へ変換する。2倍へ変えない。,各要素を二乗させる,各要素を二乗させて
expr-candidate-1d88ef3190a5a9440fa52b7704cb2f135c0452efbc4ec1b6747eb592a2c2e41a,atomic-000018,"{""map"":[""square""]}",各要素を二乗する,リストの全要素xをxの2乗へ変換する。2倍へ変えない。,各要素を平方する,各要素を平方して
expr-candidate-5ebecdab1d64fb7d2223d08b608e6dd3258cacd177f6d4e1665694d80d14d57f,atomic-000018,"{""map"":[""square""]}",各要素を二乗する,リストの全要素xをxの2乗へ変換する。2倍へ変えない。,各数を二乗する,各数を二乗して
expr-candidate-750cbbef5ea03883068bcfb442c89819a223ea35bc8ce473f684507bd0cd2605,atomic-000018,"{""map"":[""square""]}",各要素を二乗する,リストの全要素xをxの2乗へ変換する。2倍へ変えない。,すべての数を自乗する,すべての数を自乗して
expr-candidate-84bcf45071b181b334dd0eb420d1d1bd0cfc6ca98e1bfde8f68c164c20be0727,atomic-000018,"{""map"":[""square""]}",各要素を二乗する,リストの全要素xをxの2乗へ変換する。2倍へ変えない。,すべての要素を平方する,すべての要素を平方して
expr-candidate-e646e4ecdb3bd0ea3a477a163d14e9e5ea4736ae1b74a163113386e0dc036cab,atomic-000018,"{""map"":[""square""]}",各要素を二乗する,リストの全要素xをxの2乗へ変換する。2倍へ変えない。,すべての値を二乗する,すべての値を二乗して
expr-candidate-e9c4f8382f09896b88766cc41a76e03249ca0b39f5b3534539cb4306ca4dce57,atomic-000018,"{""map"":[""square""]}",各要素を二乗する,リストの全要素xをxの2乗へ変換する。2倍へ変えない。,各項目を二乗する,各項目を二乗して
expr-candidate-ece9634f25dad3a93399bd8b219f18398be811d573db4167fc41326f3ead40b5,atomic-000018,"{""map"":[""square""]}",各要素を二乗する,リストの全要素xをxの2乗へ変換する。2倍へ変えない。,それぞれの数を平方する,それぞれの数を平方して
expr-candidate-02afd59ba1f4b6afd847d908ba8ca9e1506479cf760ff5389c7f9f84c492f896,atomic-000018,"{""map"":[""square""]}",各要素を二乗する,リストの全要素xをxの2乗へ変換する。2倍へ変えない。,値を平方する,値を平方して
expr-candidate-2bd322ab33629f4dcb7c5558827c6e52b6cda768dc2f87b629d3f21f314eeff9,atomic-000018,"{""map"":[""square""]}",各要素を二乗する,リストの全要素xをxの2乗へ変換する。2倍へ変えない。,要素を二乗する,要素を二乗して
expr-candidate-2e309ed1926e737fe574272a6c166d44edf224dd9c8cf44a82f1119a48df6cbc,atomic-000018,"{""map"":[""square""]}",各要素を二乗する,リストの全要素xをxの2乗へ変換する。2倍へ変えない。,要素を平方する,要素を平方して
expr-candidate-577805a8c41c3ec07e97c5b2ec2d9817d0458c663e55c85e94261a281f935d67,atomic-000018,"{""map"":[""square""]}",各要素を二乗する,リストの全要素xをxの2乗へ変換する。2倍へ変えない。,数を平方する,数を平方して
expr-candidate-7430f75efada358a48cedafb5532cf7d4693dd37e871ec1d40656199537e5e29,atomic-000018,"{""map"":[""square""]}",各要素を二乗する,リストの全要素xをxの2乗へ変換する。2倍へ変えない。,項目を平方する,項目を平方して
expr-candidate-9e403bf5642adbf00d7e90e4bd947e37b1e421c43b63f9075f40e9a62dd3b438,atomic-000018,"{""map"":[""square""]}",各要素を二乗する,リストの全要素xをxの2乗へ変換する。2倍へ変えない。,値を二乗する,値を二乗して
expr-candidate-a22594c857e7d0702b5503f3b0bba1b44233b0179670f7e63a049d41eafae7f8,atomic-000018,"{""map"":[""square""]}",各要素を二乗する,リストの全要素xをxの2乗へ変換する。2倍へ変えない。,数を自乗する,数を自乗して
expr-candidate-b4e16e17294ce8e31334d445533e5748649c5a925f5f414cc8b9a7c94133133c,atomic-000018,"{""map"":[""square""]}",各要素を二乗する,リストの全要素xをxの2乗へ変換する。2倍へ変えない。,数を二乗する,数を二乗して
expr-candidate-36672c316d046e0674f5ad7cc69868a987d2de43fc74146ae43b5afe6fba9258,atomic-000019,"{""order"":""ascending""}",値を昇順に並べる,値の小さい順に並べ替える。現在の順序を単に反転する操作ではない。,値を小さい順に並べる,値を小さい順に並べて
expr-candidate-715990d144eae42ebaab1842bdf93c784e051428c0b393f4f3d443e06436ba6e,atomic-000019,"{""order"":""ascending""}",値を昇順に並べる,値の小さい順に並べ替える。現在の順序を単に反転する操作ではない。,値を低い順に並べる,値を低い順に並べて
expr-candidate-89f83720dfcbadae2d796a40ea2e99ae34e8bed9f29569ff9640d436626d6067,atomic-000019,"{""order"":""ascending""}",値を昇順に並べる,値の小さい順に並べ替える。現在の順序を単に反転する操作ではない。,値を最小から最大へ並べる,値を最小から最大へ並べて
expr-candidate-9f7493d748c6821c12650ce3f083e4f2722a9aeb264f07bf242d119d5ff46d1a,atomic-000019,"{""order"":""ascending""}",値を昇順に並べる,値の小さい順に並べ替える。現在の順序を単に反転する操作ではない。,小さい順に並べる,小さい順に並べて
expr-candidate-a2b256d7752a840dabcf3fb15484c1ccc82e20ce60fb173daaf09ddc34ee641f,atomic-000019,"{""order"":""ascending""}",値を昇順に並べる,値の小さい順に並べ替える。現在の順序を単に反転する操作ではない。,値を昇順に並べる,値を昇順に並べて
expr-candidate-b44bbd06bb9c785b2e8542d77b57ea76276e9d84705187e4f4c2c3c439c3dfd1,atomic-000019,"{""order"":""ascending""}",値を昇順に並べる,値の小さい順に並べ替える。現在の順序を単に反転する操作ではない。,値を小さいものから大きいものへ並べる,値を小さいものから大きいものへ並べて
expr-candidate-dd2eef700492a9303e6394d6b625f3f273c20834d0cd6d3efbb5937552f44f50,atomic-000019,"{""order"":""ascending""}",値を昇順に並べる,値の小さい順に並べ替える。現在の順序を単に反転する操作ではない。,値を小さい順に並べ替える,値を小さい順に並べ替えて
expr-candidate-7fdb80bd4e0776f5ed73f1220dfb821e85b27b376a5906447237ea2ad6d1b610,atomic-000019,"{""order"":""ascending""}",値を昇順に並べる,値の小さい順に並べ替える。現在の順序を単に反転する操作ではない。,値を小さな順に並べる,値を小さな順に並べて
expr-candidate-064c13a148b0fade1c331b3acbd622738b4ef461ba2f4acb94fd32cd153de6dd,atomic-000019,"{""order"":""ascending""}",値を昇順に並べる,値の小さい順に並べ替える。現在の順序を単に反転する操作ではない。,値を最も小さいものから並べる,値を最も小さいものから並べて
expr-candidate-400fbaf48796d4d4a06386af343eebbd84d53ff7582483d683e27c7518c19167,atomic-000019,"{""order"":""ascending""}",値を昇順に並べる,値の小さい順に並べ替える。現在の順序を単に反転する操作ではない。,値を最も低い順に並べる,値を最も低い順に並べて
expr-candidate-1482d79f641f245aa4ded4b15c1beb9cdf92cad612defe07b810f035c33c844e,atomic-000019,"{""order"":""ascending""}",値を昇順に並べる,値の小さい順に並べ替える。現在の順序を単に反転する操作ではない。,小さいものから並べる,小さいものから並べて
expr-candidate-7d3f96d3b48f1f23df4dc696252b697ac09bd73066f5b5f7af79e5f75f946d3b,atomic-000019,"{""order"":""ascending""}",値を昇順に並べる,値の小さい順に並べ替える。現在の順序を単に反転する操作ではない。,小さいものから大きいものへ並べる,小さいものから大きいものへ並べて
expr-candidate-c672ad9ab29cd489a70b2915f418eca71a5c574b2708ab61935a1723cfdefe68,atomic-000019,"{""order"":""ascending""}",値を昇順に並べる,値の小さい順に並べ替える。現在の順序を単に反転する操作ではない。,値を小さいものから並べる,値を小さいものから並べて
expr-candidate-d5f61b84ef39d2b38eb25d528debefe2b3bd8282b91ad105777b0476971c4396,atomic-000019,"{""order"":""ascending""}",値を昇順に並べる,値の小さい順に並べ替える。現在の順序を単に反転する操作ではない。,小さい順に並ばせる,小さい順に並ばせて
expr-candidate-df821cb5de8a62f5d87587dada2383134a4c19e1a8e40f90a94a5c2094c7ca19,atomic-000019,"{""order"":""ascending""}",値を昇順に並べる,値の小さい順に並べ替える。現在の順序を単に反転する操作ではない。,値を高める順に並べる,値を高める順に並べて
expr-candidate-0f95b3d14b17611188f3f8d4aec0f261b8fa809bfdeafd86d64a92144475d133,atomic-000019,"{""order"":""ascending""}",値を昇順に並べる,値の小さい順に並べ替える。現在の順序を単に反転する操作ではない。,値を小さいものから大きいものへ並ばせる,値を小さいものから大きいものへ並ばせて
expr-candidate-751fafdd7aa2a049a82c2f512b932895ad36d5ec8140d5689788927182ad5263,atomic-000019,"{""order"":""ascending""}",値を昇順に並べる,値の小さい順に並べ替える。現在の順序を単に反転する操作ではない。,値を小さいものから並ばせる,値を小さいものから並ばせて
expr-candidate-ee0ae72c9d5cced56b224cb547d5f32455fcb21d8f93838379da30afc4b2ab39,atomic-000019,"{""order"":""ascending""}",値を昇順に並べる,値の小さい順に並べ替える。現在の順序を単に反転する操作ではない。,値を小さい順に並ばせる,値を小さい順に並ばせて
expr-candidate-153fdcede62d0cde4d76d844688c49ab294bdf1e0b62007d186ed3a9a695701a,atomic-000020,"{""order"":""descending""}",値を降順に並べる,値の大きい順に並べ替える。現在の順序を単に反転する操作ではない。,値を降順に整理する,値を降順に整理して
expr-candidate-156786eeb877c647a90037814b563e9bc7d4d94c982b13f25967dcd8dc17949c,atomic-000020,"{""order"":""descending""}",値を降順に並べる,値の大きい順に並べ替える。現在の順序を単に反転する操作ではない。,値を大きいほうから小さいほうへ並べる,値を大きいほうから小さいほうへ並べて
expr-candidate-29259b94ce95821c571cfc204e83f97b6fbe15a96542a26199ace4893304badc,atomic-000020,"{""order"":""descending""}",値を降順に並べる,値の大きい順に並べ替える。現在の順序を単に反転する操作ではない。,値を降順に配置する,値を降順に配置して
expr-candidate-3e39aa34f6cac71909125d0164020d9f597fc99690e6f3cc3de856f135c0be4e,atomic-000020,"{""order"":""descending""}",値を降順に並べる,値の大きい順に並べ替える。現在の順序を単に反転する操作ではない。,大きな値から小さな値に並べる,大きな値から小さな値に並べて
expr-candidate-7347b125d67a0546f4823248739f9d2d618916889d1e8e546872a637c17c6b14,atomic-000020,"{""order"":""descending""}",値を降順に並べる,値の大きい順に並べ替える。現在の順序を単に反転する操作ではない。,大きい値が先になるように並べる,大きい値が先になるように並べて
expr-candidate-7775c89e7cf627af776c87acfc2ac3b89f48128cbc3c620d43fd6b633113d763,atomic-000020,"{""order"":""descending""}",値を降順に並べる,値の大きい順に並べ替える。現在の順序を単に反転する操作ではない。,値を降順に並び換える,値を降順に並びかえて
expr-candidate-cc4f2f3f13bf1bb1bdb3880e9adf85267ebd9452cf57ed42c74ff827f2bbb8b6,atomic-000020,"{""order"":""descending""}",値を降順に並べる,値の大きい順に並べ替える。現在の順序を単に反転する操作ではない。,値を大きい順に並べる,値を大きい順に並べて
expr-candidate-03ae499ee724949d0bc4470fbccf084b58da783c392b6f8a5e429f9217180ae3,atomic-000020,"{""order"":""descending""}",値を降順に並べる,値の大きい順に並べ替える。現在の順序を単に反転する操作ではない。,値を大きいものから小さいものへ並べる,値を大きいものから小さいものへ並べて
expr-candidate-28fc21d56dae14875e5cc0a8ac003a4bd669e366d3a6613243815d55a70dacf8,atomic-000020,"{""order"":""descending""}",値を降順に並べる,値の大きい順に並べ替える。現在の順序を単に反転する操作ではない。,値を高い順に並べる,値を高い順に並べて
expr-candidate-e911df8b03a114e363c4de77bbca69b5f00f62d9ba61ca63084d0758b8eb1ee6,atomic-000020,"{""order"":""descending""}",値を降順に並べる,値の大きい順に並べ替える。現在の順序を単に反転する操作ではない。,値の順序を降順にさせる,値の順序を降順にさせて
expr-candidate-18b82b63d32c50f26a627e68dcedc2e8dc8f9c062b5d7ac88e4b1a73f4db2419,atomic-000020,"{""order"":""descending""}",値を降順に並べる,値の大きい順に並べ替える。現在の順序を単に反転する操作ではない。,値を大小順に並べる,値を大小順に並べて
expr-candidate-432df97ef7a3f111fc2145b22fc86bb49de229f295dc677561d33115b5ac9033,atomic-000020,"{""order"":""descending""}",値を降順に並べる,値の大きい順に並べ替える。現在の順序を単に反転する操作ではない。,値を大きい順に並びかえる,値を大きい順に並びかえて
expr-candidate-5b9a10d212ba75fa484f8a483a2f837da7f6a8450b527e97372da3710dbfe878,atomic-000020,"{""order"":""descending""}",値を降順に並べる,値の大きい順に並べ替える。現在の順序を単に反転する操作ではない。,値を順序を降順に並べる,値を順序を降順に并べて
expr-candidate-64ba1a09b1f379d48ac4a16e0c50b615817b90415b6e41c5852c661fa14137b1,atomic-000020,"{""order"":""descending""}",値を降順に並べる,値の大きい順に並べ替える。現在の順序を単に反転する操作ではない。,大きい順に並べる,大きい順に並べて
expr-candidate-fda9ff7b3e9425e5595eedd3f25bf5a999f2c497a6f4ffa1e2ae94e766e895ae,atomic-000020,"{""order"":""descending""}",値を降順に並べる,値の大きい順に並べ替える。現在の順序を単に反転する操作ではない。,値の順序を降順に並べる,値の順序を降順に並べて
expr-candidate-c02368bc81c519cf4d0d59116b45053686a0e5b7f8d7cbab649f1a41a98d9e50,atomic-000020,"{""order"":""descending""}",値を降順に並べる,値の大きい順に並べ替える。現在の順序を単に反転する操作ではない。,大きい値から小さい値へ並べる,大きい値から小さい値へ並べて
expr-candidate-70b39e214cab1c5982d6c98864f752e3b1deb56e8632bfa3f4aad80ad5c0e265,atomic-000020,"{""order"":""descending""}",値を降順に並べる,値の大きい順に並べ替える。現在の順序を単に反転する操作ではない。,値を大きいほうから並べる,値を大きいほうから並べて
expr-candidate-51c6cbf507cb64952f4cf64935047ca34b0d24b70df51928573ab9b90d5001ad,atomic-000020,"{""order"":""descending""}",値を降順に並べる,値の大きい順に並べ替える。現在の順序を単に反転する操作ではない。,値を降順に並べ替える,値を降順に並べ替えて
expr-candidate-6ba7f05ce6cffbca526a692275aa761942fa1c74a51d043a7c8830063e9e5180,atomic-000020,"{""order"":""descending""}",値を降順に並べる,値の大きい順に並べ替える。現在の順序を単に反転する操作ではない。,値を降順に整列する,値を降順に整列して
expr-candidate-aaabf45241d9d5c8e5eb1a7e8fa928b05870d891e9fdd492371221667273384f,atomic-000020,"{""order"":""descending""}",値を降順に並べる,値の大きい順に並べ替える。現在の順序を単に反転する操作ではない。,値を大きいほうから並べ替える,値を大きいほうから並べ替えて
expr-candidate-f2293a68fbaf25cf765a36dadc493a2ca572e31227725b96cc6ec30cb83d8383,atomic-000020,"{""order"":""descending""}",値を降順に並べる,値の大きい順に並べ替える。現在の順序を単に反転する操作ではない。,値を大きなほうから並びかえる,値を大きなほうから並びかえて
expr-candidate-f52f271f762b2a6a29d986fb873a5e03406ad405902203b72d45aceb54275ac1,atomic-000020,"{""order"":""descending""}",値を降順に並べる,値の大きい順に並べ替える。現在の順序を単に反転する操作ではない。,値を大きい順に並べ替えれる,値を大きい順に並べ替えれて
expr-candidate-1652228d17d50d88b5851c51dff8ccd0127eb1c336f61551501393c248fb65f5,atomic-000020,"{""order"":""descending""}",値を降順に並べる,値の大きい順に並べ替える。現在の順序を単に反転する操作ではない。,大きい値を先に並べる,大きい値を先に並べて
expr-candidate-5a0a72f377b8670b6d4f80d00b26019ff8de9c7562fe5a3b6d9ccff15c492701,atomic-000020,"{""order"":""descending""}",値を降順に並べる,値の大きい順に並べ替える。現在の順序を単に反転する操作ではない。,値を大きい順に並ばせる,値を大きい順に並ばせて
expr-candidate-c3e02239c33d6d286649a7bb0742b1a09c40dfb0f77b74ba5413b446b2b01dda,atomic-000021,"{""order"":""reverse""}",現在の要素順を反転する,値を比較せず、現在の並びを後ろから前へ反転する。降順整列へ変えない。,並びをひっくりかえす,並びをひっくりかえして
expr-candidate-dd85bdd748e7c68d37a1ea0dd3fce20032b142840d88421b5e4bb92b43eb71dc,atomic-000021,"{""order"":""reverse""}",現在の要素順を反転する,値を比較せず、現在の並びを後ろから前へ反転する。降順整列へ変えない。,順序を反す,順序を反して
expr-candidate-12ad883dcad9352f317e83a21b1d354a3f9fa9901b5b3bdf2235188862d6c059,atomic-000021,"{""order"":""reverse""}",現在の要素順を反転する,値を比較せず、現在の並びを後ろから前へ反転する。降順整列へ変えない。,順序を逆にする,順序を逆にし
expr-candidate-16dfa2b0e64fe45d844c1751a3e344ff1349e3655d38b3deb4e20efa810fdc87,atomic-000021,"{""order"":""reverse""}",現在の要素順を反転する,値を比較せず、現在の並びを後ろから前へ反転する。降順整列へ変えない。,順序を裏返す,順序を裏返し
expr-candidate-44577f2e1eec19566be49ff583848d4eb25d29b184c7e2e8234d2504dc01596e,atomic-000021,"{""order"":""reverse""}",現在の要素順を反転する,値を比較せず、現在の並びを後ろから前へ反転する。降順整列へ変えない。,並びをひっくり返す,並びをひっくり返し
expr-candidate-48f325338a768995ea7253723334a889d2bd15b0250a97df367fa895d54e0456,atomic-000021,"{""order"":""reverse""}",現在の要素順を反転する,値を比較せず、現在の並びを後ろから前へ反転する。降順整列へ変えない。,順序をひっくり返す,順序をひっくり返し
expr-candidate-891c385ef03425b54029a1a82e98afb161d2873140905287b3db5112d0bb0c5b,atomic-000021,"{""order"":""reverse""}",現在の要素順を反転する,値を比較せず、現在の並びを後ろから前へ反転する。降順整列へ変えない。,順序を反転する,順序を反転し
expr-candidate-a9eb3634cae6ad620244178f6958929ccd99737787e75121c970d1d6ce378bd7,atomic-000021,"{""order"":""reverse""}",現在の要素順を反転する,値を比較せず、現在の並びを後ろから前へ反転する。降順整列へ変えない。,順序を逆さにする,順序を逆さにし
expr-candidate-16003354ed47e1f7e92ee7f4589c6a631f07d6e4b14eaa8a0d8d3a6169e596a1,atomic-000021,"{""order"":""reverse""}",現在の要素順を反転する,値を比較せず、現在の並びを後ろから前へ反転する。降順整列へ変えない。,並びを逆さにする,並びを逆さにし
expr-candidate-1cca7a58c3c963e5fba18dc6b4d1b08fe8816ccdc1642477050a879a3edc5592,atomic-000021,"{""order"":""reverse""}",現在の要素順を反転する,値を比較せず、現在の並びを後ろから前へ反転する。降順整列へ変えない。,順序を反転する,順序を反転して
expr-candidate-22fd7164545febf1b4dde88762a18e7ab998b5f10e38e1830a14ffcf00ca0f05,atomic-000021,"{""order"":""reverse""}",現在の要素順を反転する,値を比較せず、現在の並びを後ろから前へ反転する。降順整列へ変えない。,順序をひっくりかえす,順序をひっくりかえして
expr-candidate-2adae762c3edf2546a7cbb81c267b5389872b22b2eb7bd54e08b033ab18a0490,atomic-000021,"{""order"":""reverse""}",現在の要素順を反転する,値を比較せず、現在の並びを後ろから前へ反転する。降順整列へ変えない。,並びを逆にする,並びを逆にし
expr-candidate-b195e3ba1812cb45dfceab415aeb63887022538a0f5ccb9d7e68ce45fe51d9f0,atomic-000021,"{""order"":""reverse""}",現在の要素順を反転する,値を比較せず、現在の並びを後ろから前へ反転する。降順整列へ変えない。,並びを反転する,並びを反転して
expr-candidate-ebdbb411aa4f4bcef6635f29428c14ed898fbfc22781c83dcb0cebdfd1689bc7,atomic-000021,"{""order"":""reverse""}",現在の要素順を反転する,値を比較せず、現在の並びを後ろから前へ反転する。降順整列へ変えない。,並びをひっくり返す,并びをひっくり返して
expr-candidate-df28ac801c60e8c5a41fb9982820ada14092f64b5fb1372891edd942c42f3e8d,atomic-000021,"{""order"":""reverse""}",現在の要素順を反転する,値を比較せず、現在の並びを後ろから前へ反転する。降順整列へ変えない。,順序を反転させる,順序を反転させ
expr-candidate-3d63f1ae9e0602da9171b15d286b6e500345ec95ea6678af0fec5de4585a1d77,atomic-000021,"{""order"":""reverse""}",現在の要素順を反転する,値を比較せず、現在の並びを後ろから前へ反転する。降順整列へ変えない。,並びを裏返す,並びを裏返し
expr-candidate-1230e05e9ecacad8a6758330810052b1d1a4a3181d60b26be6e77300be77704c,atomic-000021,"{""order"":""reverse""}",現在の要素順を反転する,値を比較せず、現在の並びを後ろから前へ反転する。降順整列へ変えない。,配列を逆にさせる,配列を逆にさせて
expr-candidate-1e24edeebc35f6c2dc192ce7be5a6fff6ec523dc656d284505d41d64532ea4c1,atomic-000021,"{""order"":""reverse""}",現在の要素順を反転する,値を比較せず、現在の並びを後ろから前へ反転する。降順整列へ変えない。,並びを逆転させる,並びを逆転させて
expr-candidate-1eda00b7c91bf7bbeac3e52b00755f9b43051a0be78a3dca52f4dee0fd0201c6,atomic-000021,"{""order"":""reverse""}",現在の要素順を反転する,値を比較せず、現在の並びを後ろから前へ反転する。降順整列へ変えない。,リストを逆にさせる,リストを逆にさせて
expr-candidate-24b5327a3f3e0056f1d87eb3db094b8696aa47b63a9ec035c49b0194ba571d91,atomic-000021,"{""order"":""reverse""}",現在の要素順を反転する,値を比較せず、現在の並びを後ろから前へ反転する。降順整列へ変えない。,現在の並びをひっくりかえす,現在の並びをひっくりかえして
expr-candidate-60ffbfbda6620e5392ba171bb4a2fbaf21208e4dcce45dcae94920d50403a3b5,atomic-000021,"{""order"":""reverse""}",現在の要素順を反転する,値を比較せず、現在の並びを後ろから前へ反転する。降順整列へ変えない。,順序を逆転させる,順序を逆転させ
expr-candidate-6242c8237552a0c20e8d66ba0f41daa13bd8240d9363bdb2f1ba0d68b148acff,atomic-000021,"{""order"":""reverse""}",現在の要素順を反転する,値を比較せず、現在の並びを後ろから前へ反転する。降順整列へ変えない。,リストを逆さにさせる,リストを逆さにさせて
expr-candidate-dcc50450ae6da6ac5c74ee1ff2fc6b4df3b67381a91f800daa253d08b8040624,atomic-000021,"{""order"":""reverse""}",現在の要素順を反転する,値を比較せず、現在の並びを後ろから前へ反転する。降順整列へ変えない。,配列をひっくりかえす,配列をひっくりかえして
expr-candidate-1e12d0876df291e3d8b9772a518a51a61d9302dc78fb46093d36be35e85ce72d,atomic-000021,"{""order"":""reverse""}",現在の要素順を反転する,値を比較せず、現在の並びを後ろから前へ反転する。降順整列へ変えない。,順序を逆転する,順序を逆転させて
expr-candidate-1ad6ba4d7252b002a2633b4d1845e6a0152da597a8011d94af0f9f125408def8,atomic-000022,"{""slice"":[""take_first_k""]}",先頭からk個を取る,位置に基づいて先頭側の最大k個を取る。値の大小で選ばない。,先頭k個を選ぶ,先頭k個を選んで
expr-candidate-3c8f7ee198709f4752dc8623f0e555f9e9370fb0cb9971d891fb072a352b3768,atomic-000022,"{""slice"":[""take_first_k""]}",先頭からk個を取る,位置に基づいて先頭側の最大k個を取る。値の大小で選ばない。,先端k個を切り出す,先端k個を切り出して
expr-candidate-433dc98291ed0beed84a1c46dbb2fe36ab78909f7b78e1da9b172f1c3afe3e3a,atomic-000022,"{""slice"":[""take_first_k""]}",先頭からk個を取る,位置に基づいて先頭側の最大k個を取る。値の大小で選ばない。,頭k個を抜き出す,頭k個を抜き出して
expr-candidate-8bf37a41ec5389c78e0b911964cd8194b841ea6c0330880b9ecb453f54c16636,atomic-000022,"{""slice"":[""take_first_k""]}",先頭からk個を取る,位置に基づいて先頭側の最大k個を取る。値の大小で選ばない。,最初のk個を取り出す,最初のk個を取り出して
expr-candidate-a4ef1811b84ba463f9790b259e549fca525e0917bcd54a822d1fbc151415c92d,atomic-000022,"{""slice"":[""take_first_k""]}",先頭からk個を取る,位置に基づいて先頭側の最大k個を取る。値の大小で選ばない。,前k個を取得する,前k個を取得して
expr-candidate-ebb8d532d1a65e290056c22012b747b72f24260fd9ae610ebe0ad32291931b76,atomic-000022,"{""slice"":[""take_first_k""]}",先頭からk個を取る,位置に基づいて先頭側の最大k個を取る。値の大小で選ばない。,先頭k個を切り取る,先頭k個を切りとって
expr-candidate-17958e909516432c1e717ee306e06b637b2f5f93679ed124d033234783a37f98,atomic-000022,"{""slice"":[""take_first_k""]}",先頭からk個を取る,位置に基づいて先頭側の最大k個を取る。値の大小で選ばない。,先頭からk個を切り出す,先頭からk個を切り出して
expr-candidate-2fa7d06e678de1e737bb2ae4459c271dcdb228263320c7381382a4ff34ca3db0,atomic-000022,"{""slice"":[""take_first_k""]}",先頭からk個を取る,位置に基づいて先頭側の最大k個を取る。値の大小で選ばない。,先頭k個を切り出す,先頭k個を切り出して
expr-candidate-305ddbd356a75fe195f88eba7a40428c928215a698a1a0a4af6e0a863abe0c08,atomic-000022,"{""slice"":[""take_first_k""]}",先頭からk個を取る,位置に基づいて先頭側の最大k個を取る。値の大小で選ばない。,頭k個を切り出す,頭k個を切り出して
expr-candidate-86d7710e655939248d405587243ac900d116c1352e4a2aeb9fee9174aff56453,atomic-000022,"{""slice"":[""take_first_k""]}",先頭からk個を取る,位置に基づいて先頭側の最大k個を取る。値の大小で選ばない。,先頭からk個を取る,先頭からk個を取って
expr-candidate-b6565ee72b89e02858824c55d32fa4b9ba86528c91b9000ee89fb07bf3925be4,atomic-000022,"{""slice"":[""take_first_k""]}",先頭からk個を取る,位置に基づいて先頭側の最大k個を取る。値の大小で選ばない。,先頭k個を拾う,先頭k個を拾って
expr-candidate-b9e002dca86bc94bfa949d218720eb083ccc3648e5110a20a8364298987b8a06,atomic-000022,"{""slice"":[""take_first_k""]}",先頭からk個を取る,位置に基づいて先頭側の最大k個を取る。値の大小で選ばない。,前k個を切り出す,前k個を切り出し
expr-candidate-bc63ec28d64e87df1c2b6756841a4c05a1233201f8a403ce2e924757a2069f79,atomic-000022,"{""slice"":[""take_first_k""]}",先頭からk個を取る,位置に基づいて先頭側の最大k個を取る。値の大小で選ばない。,先頭のk個を切り出す,先頭のk個を切り出し
expr-candidate-0f4c4c40eb67c48d77662be8f10ac01fccf92663d4813b73c7d1aba14d163402,atomic-000022,"{""slice"":[""take_first_k""]}",先頭からk個を取る,位置に基づいて先頭側の最大k個を取る。値の大小で選ばない。,先頭のk個を取る,先頭のk個を取って
expr-candidate-0155fca3b6e18444bcf30f90c6f27dd1c2bc93374458536127ecdb80bb2cb4e6,atomic-000022,"{""slice"":[""take_first_k""]}",先頭からk個を取る,位置に基づいて先頭側の最大k個を取る。値の大小で選ばない。,先頭からk個を分ける,先頭からk個を分け
expr-candidate-d1648e6682c4d5264595eaf23862789f1bc6ac9a44e53e877749e74432380a76,atomic-000022,"{""slice"":[""take_first_k""]}",先頭からk個を取る,位置に基づいて先頭側の最大k個を取る。値の大小で選ばない。,先頭k個を切り離す,先頭k個を切り離して
expr-candidate-016234a71e9afbb2e5076581cfa257a4d6ce129be8c04ac959c7f5937f64ea83,atomic-000022,"{""slice"":[""take_first_k""]}",先頭からk個を取る,位置に基づいて先頭側の最大k個を取る。値の大小で選ばない。,先頭のk個を切り取る,先頭のk個を切り取って
expr-candidate-42c4c31b14e0e62c9b2db499448cc024aa303d4439c379055567d1bbd276714b,atomic-000022,"{""slice"":[""take_first_k""]}",先頭からk個を取る,位置に基づいて先頭側の最大k個を取る。値の大小で選ばない。,先頭からk個を切り取る,先頭からk個を切り取って
expr-candidate-832231de0d28c8b6813e8e977719f81e4fd6c78cedadcef64357deea44a1b325,atomic-000022,"{""slice"":[""take_first_k""]}",先頭からk個を取る,位置に基づいて先頭側の最大k個を取る。値の大小で選ばない。,先頭のk個を切り離す,先頭のk個を切り離して
expr-candidate-89308afa74d78fc43edb621d7d4d204dbb8a10d755fb451cd2b1081106fdf477,atomic-000022,"{""slice"":[""take_first_k""]}",先頭からk個を取る,位置に基づいて先頭側の最大k個を取る。値の大小で選ばない。,先頭からk個を切り離す,先頭からk個を切り離して
expr-candidate-2cd171a58ac4c1dab0d4adcbd3bd7ae96b1e09b1b7fb31f43bf57b400ff7daae,atomic-000022,"{""slice"":[""take_first_k""]}",先頭からk個を取る,位置に基づいて先頭側の最大k個を取る。値の大小で選ばない。,前k個を取る,前k個を取って
expr-candidate-595f5ff00ef67bf303a67f07f5121ef817cd861d00cb9613d83b658cf4913c43,atomic-000022,"{""slice"":[""take_first_k""]}",先頭からk個を取る,位置に基づいて先頭側の最大k個を取る。値の大小で選ばない。,先頭からk個を拾う,先頭からk個を拾って
expr-candidate-430f9c2516ce3b692ee3037619aea8afeb701bb6718e5bab05f731609f8330f7,atomic-000023,"{""slice"":[""take_last_k""]}",末尾からk個を取る,位置に基づいて末尾側の最大k個を取り、取得した要素の順序は保つ。値の大小で選ばない。,最後k個を切り取る,最後k個を切り取って
expr-candidate-5924aafe57e85804c1dc8c79fa341934eccdc9b65a93e7f1206dd22ab154d1b1,atomic-000023,"{""slice"":[""take_last_k""]}",末尾からk個を取る,位置に基づいて末尾側の最大k個を取り、取得した要素の順序は保つ。値の大小で選ばない。,最後のk個を取る,最後のk個をとって
expr-candidate-673da4a8a6c10dc569672c0821698fa811d351768f82f69a3c05b9c7a024517f,atomic-000023,"{""slice"":[""take_last_k""]}",末尾からk個を取る,位置に基づいて末尾側の最大k個を取り、取得した要素の順序は保つ。値の大小で選ばない。,終わりからk個を引き出す,終わりからk個を引き出して
expr-candidate-c152e03ee8bd46a42f980e912aea498fcb9edda838de93ab125e876f28e7fbc7,atomic-000023,"{""slice"":[""take_last_k""]}",末尾からk個を取る,位置に基づいて末尾側の最大k個を取り、取得した要素の順序は保つ。値の大小で選ばない。,末尾k個を拾う,末尾k個を拾って
expr-candidate-ca882f8b8ce249872e64baa552d9e6942115054d9f9e91e2f5ab897bb90983b8,atomic-000023,"{""slice"":[""take_last_k""]}",末尾からk個を取る,位置に基づいて末尾側の最大k個を取り、取得した要素の順序は保つ。値の大小で選ばない。,末尾からk個を抜く,末尾からk個を抜いて
expr-candidate-d613a42baff3893ec9d5ebfb55564082efd2480cbed8ee4683f3e0ab615b6695,atomic-000023,"{""slice"":[""take_last_k""]}",末尾からk個を取る,位置に基づいて末尾側の最大k個を取り、取得した要素の順序は保つ。値の大小で選ばない。,後ろからk個を取る,後ろからk個を取って
expr-candidate-e6a14dd9d07258bda5d2b93e4cddb25fe44a7d0e2df94ae928920188a312e5bc,atomic-000023,"{""slice"":[""take_last_k""]}",末尾からk個を取る,位置に基づいて末尾側の最大k個を取り、取得した要素の順序は保つ。値の大小で選ばない。,後端k個を取る,後端k個を取って
expr-candidate-4b6e0d018cf7747422e2d325ee5a27e3f26bb11172ffbfe545bff704c2acd030,atomic-000023,"{""slice"":[""take_last_k""]}",末尾からk個を取る,位置に基づいて末尾側の最大k個を取り、取得した要素の順序は保つ。値の大小で選ばない。,末尾からk個を抽出する,末尾からk個を抽出して
expr-candidate-926c5d99f30a30995aa481e7ec9303c0ef8857f184959149d16371532c2e896a,atomic-000023,"{""slice"":[""take_last_k""]}",末尾からk個を取る,位置に基づいて末尾側の最大k個を取り、取得した要素の順序は保つ。値の大小で選ばない。,最後k個を保つ,最後k個を保つて
expr-candidate-b58deca332344a04ae89f26bd6fbbe5bb56aea88289f3c7450c622d5930a6501,atomic-000023,"{""slice"":[""take_last_k""]}",末尾からk個を取る,位置に基づいて末尾側の最大k個を取り、取得した要素の順序は保つ。値の大小で選ばない。,後端k個を確保する,後端k個を確保して
expr-candidate-dfe8bbde81bcb8dda1a33c0060529f5d1e66cf8953a24b48a9a95b0b9636a575,atomic-000023,"{""slice"":[""take_last_k""]}",末尾からk個を取る,位置に基づいて末尾側の最大k個を取り、取得した要素の順序は保つ。値の大小で選ばない。,末端k個を保持する,末端k個を保持して
expr-candidate-4f4e62b1a6e0cde22dfed548aa72cea2664214c36aabb78560bccbb2e835241c,atomic-000023,"{""slice"":[""take_last_k""]}",末尾からk個を取る,位置に基づいて末尾側の最大k個を取り、取得した要素の順序は保つ。値の大小で選ばない。,末尾からk個を選ぶ,末尾からk個を選んで
expr-candidate-6f24a16d075618e84a952203771ae0ddd778c304985db0123aa9bfc0d73b15a8,atomic-000023,"{""slice"":[""take_last_k""]}",末尾からk個を取る,位置に基づいて末尾側の最大k個を取り、取得した要素の順序は保つ。値の大小で選ばない。,末尾k個を引き出す,末尾k個を引き出して
expr-candidate-b2b76c2ff6ec598c531bc912024dae481a0390ba746c82b8445fa2d0b91f7e30,atomic-000023,"{""slice"":[""take_last_k""]}",末尾からk個を取る,位置に基づいて末尾側の最大k個を取り、取得した要素の順序は保つ。値の大小で選ばない。,末尾k個を取る,末尾k個を取って
expr-candidate-e14de55a30452ab85e24f53bada349b3582458e7d728576f09328b0f432eef27,atomic-000023,"{""slice"":[""take_last_k""]}",末尾からk個を取る,位置に基づいて末尾側の最大k個を取り、取得した要素の順序は保つ。値の大小で選ばない。,末尾k個を抽出する,末尾k個を抽出して
expr-candidate-e339c5eaf805934554446752572eb61e56c23ed31bb31a79c0ccca75a746dcab,atomic-000023,"{""slice"":[""take_last_k""]}",末尾からk個を取る,位置に基づいて末尾側の最大k個を取り、取得した要素の順序は保つ。値の大小で選ばない。,末尾k個を確保する,末尾k個を確保して
expr-candidate-aaaac0699a3d94c5f51c87699cdcf930f41e5f5a2acee19c716271ca005aec9a,atomic-000023,"{""slice"":[""take_last_k""]}",末尾からk個を取る,位置に基づいて末尾側の最大k個を取り、取得した要素の順序は保つ。値の大小で選ばない。,末尾からk個を取る,末尾からk個を取って
expr-candidate-c2b9ff11d4d421441cfa23afe5910526c8c1b268fb32eb4c1fd5a94adeba60bd,atomic-000023,"{""slice"":[""take_last_k""]}",末尾からk個を取る,位置に基づいて末尾側の最大k個を取り、取得した要素の順序は保つ。値の大小で選ばない。,末尾k個を保存する,末尾k個を保存して
expr-candidate-13377cd452e007f0c027e40107dcad01e82d173835ea352e463ac348e15374f2,atomic-000023,"{""slice"":[""take_last_k""]}",末尾からk個を取る,位置に基づいて末尾側の最大k個を取り、取得した要素の順序は保つ。値の大小で選ばない。,末尾からk個を保存する,末尾からk個を保存して
expr-candidate-36d8d54e23b5e3cbab5672397eb2161782eaddf917c5007ddbc4a07c1d21eeec,atomic-000023,"{""slice"":[""take_last_k""]}",末尾からk個を取る,位置に基づいて末尾側の最大k個を取り、取得した要素の順序は保つ。値の大小で選ばない。,末尾からk個を確保する,末尾からk個を確保して
expr-candidate-3e1a28f1136338a10c60ef3c842408137db42cca86d3bc6312bd4779eb24f32b,atomic-000023,"{""slice"":[""take_last_k""]}",末尾からk個を取る,位置に基づいて末尾側の最大k個を取り、取得した要素の順序は保つ。値の大小で選ばない。,末尾からk個を拾う,末尾からk個を拾って
expr-candidate-59a8b48ef94e5cbc770f17f28786ea0386eaca205c3377951d6d53621605c139,atomic-000023,"{""slice"":[""take_last_k""]}",末尾からk個を取る,位置に基づいて末尾側の最大k個を取り、取得した要素の順序は保つ。値の大小で選ばない。,終わりからk個を拾う,終わりからk個を拾って
expr-candidate-7212f9b28176fb517d7142a681ca53991f712ad7882226facad7139a14e31db8,atomic-000023,"{""slice"":[""take_last_k""]}",末尾からk個を取る,位置に基づいて末尾側の最大k個を取り、取得した要素の順序は保つ。値の大小で選ばない。,後端k個を拾う,後端k個を拾って
expr-candidate-9107055cc13ce4ee684c424ba7b266dac0a93cd03b0a1091042de0e8981f5b59,atomic-000023,"{""slice"":[""take_last_k""]}",末尾からk個を取る,位置に基づいて末尾側の最大k個を取り、取得した要素の順序は保つ。値の大小で選ばない。,後ろからk個を拾う,後ろからk個を拾って
expr-candidate-b0e37ba375e9ac31dc8e664b396665877b270958fecc251f43d30207ac6555a1,atomic-000023,"{""slice"":[""take_last_k""]}",末尾からk個を取る,位置に基づいて末尾側の最大k個を取り、取得した要素の順序は保つ。値の大小で選ばない。,末尾からk個を引き出す,末尾からk個を引き出して
expr-candidate-38a7d581f00187780a680f33d22390f5c4f555ade789cfbac4af909419eea9d8,atomic-000023,"{""slice"":[""take_last_k""]}",末尾からk個を取る,位置に基づいて末尾側の最大k個を取り、取得した要素の順序は保つ。値の大小で選ばない。,末尾からk個を切り出す,末尾からk個を切り出して
expr-candidate-b1c467de9c75685323498473bf0dae8ec91f634acef927170b365f62d738e3a9,atomic-000023,"{""slice"":[""take_last_k""]}",末尾からk個を取る,位置に基づいて末尾側の最大k個を取り、取得した要素の順序は保つ。値の大小で選ばない。,末尾からk個を切り取る,末尾からk個を切り取って
expr-candidate-13b05b9b2c05293c2e31abb967e121788f8f5d82f7ee7d407ba5682cb35e2771,atomic-000024,"{""slice"":[""every_other""]}",先頭から1個おきに取る,位置0、2、4、6、…の要素を取る。値が偶数の要素を選ぶ操作ではない。,隔番で取る,隔番で取って
expr-candidate-df7b44e188a33250e8bdc94cdc416b313df54d994370036a251b35c28564f27f,atomic-000024,"{""slice"":[""every_other""]}",先頭から1個おきに取る,位置0、2、4、6、…の要素を取る。値が偶数の要素を選ぶ操作ではない。,先頭から1個おきに取る,先頭から1個おきに取って
expr-candidate-bdf258eb370b914253dcb882c7b2d148c1207f4a50b18c459586f4be6b6b150f,atomic-000024,"{""slice"":[""every_other""]}",先頭から1個おきに取る,位置0、2、4、6、…の要素を取る。値が偶数の要素を選ぶ操作ではない。,隔番で列挙する,隔番で列挙して
expr-candidate-72ae86d9563bf5c2e4def5080900035ec7c41d4e7ba0cea90b8b2e2124dfff26,atomic-000024,"{""slice"":[""every_other""]}",先頭から1個おきに取る,位置0、2、4、6、…の要素を取る。値が偶数の要素を選ぶ操作ではない。,交互に選ぶ,交互に選って
expr-candidate-7d14a8f65bc708175d9d6878cee28b3f8f30807508a6666aa0217efa54dc0bd3,atomic-000024,"{""slice"":[""every_other""]}",先頭から1個おきに取る,位置0、2、4、6、…の要素を取る。値が偶数の要素を選ぶ操作ではない。,隔番に収集する,隔番に収集して
expr-candidate-b2233b69b73e133b3c528f826b6831705b79284d43b92b4400e54665c8b101de,atomic-000024,"{""slice"":[""every_other""]}",先頭から1個おきに取る,位置0、2、4、6、…の要素を取る。値が偶数の要素を選ぶ操作ではない。,隔開して列挙する,隔開して列挙して
expr-candidate-d77bed3bfd5bbb1770e242bfc96abeae6483cab0cd6cd7f1e1294c539ec0272e,atomic-000024,"{""slice"":[""every_other""]}",先頭から1個おきに取る,位置0、2、4、6、…の要素を取る。値が偶数の要素を選ぶ操作ではない。,交互に列挙する,交互に列挙して
expr-candidate-d7ae527729d19dc7a1f3b32edb28b6fa340bde19724d2b4aaf6acd36e545bd2f,atomic-000024,"{""slice"":[""every_other""]}",先頭から1個おきに取る,位置0、2、4、6、…の要素を取る。値が偶数の要素を選ぶ操作ではない。,隔番に集める,隔番に集めて
expr-candidate-be2763f1446db5804befe195d9dd2dbc46e133759d11f684fd801059d7135a2b,atomic-000024,"{""slice"":[""every_other""]}",先頭から1個おきに取る,位置0、2、4、6、…の要素を取る。値が偶数の要素を選ぶ操作ではない。,隔番で集める,隔番で集めて
expr-candidate-645a3f4d391c06e8d82970a61a0305b41a3dbdd0616e14f02f2be823f008d8a8,atomic-000024,"{""slice"":[""every_other""]}",先頭から1個おきに取る,位置0、2、4、6、…の要素を取る。値が偶数の要素を選ぶ操作ではない。,隔番で並べる,隔番で並べて
expr-candidate-da352a2742207635997a6b76240d93a1d6f9e18e84025948a26f080c9ba68c59,atomic-000024,"{""slice"":[""every_other""]}",先頭から1個おきに取る,位置0、2、4、6、…の要素を取る。値が偶数の要素を選ぶ操作ではない。,隔番に取り出す,隔番に取り出して
expr-candidate-7607c26b6958aea18807bc77889692d45af2f98349dd9b6d2309c811c10c6a4a,atomic-000024,"{""slice"":[""every_other""]}",先頭から1個おきに取る,位置0、2、4、6、…の要素を取る。値が偶数の要素を選ぶ操作ではない。,隔番で抽出する,隔番で抽出して
expr-candidate-ecd36c946e7e3f3fd67259df641a84984597160e2d8e54d35006a69ee3314dcc,atomic-000024,"{""slice"":[""every_other""]}",先頭から1個おきに取る,位置0、2、4、6、…の要素を取る。値が偶数の要素を選ぶ操作ではない。,隔番に列挙する,隔番に列挙して
expr-candidate-db7091ed8ebf505bf030bc717f4ea46c3432cf27b57f8112a5ccaef1edbe042a,atomic-000024,"{""slice"":[""every_other""]}",先頭から1個おきに取る,位置0、2、4、6、…の要素を取る。値が偶数の要素を選ぶ操作ではない。,隔番で抜き出す,隔番で抜き出して
expr-candidate-31111bfa0fc95ca697b7c5839490e7df189cd9f8c5503b6314a16d053d856706,atomic-000024,"{""slice"":[""every_other""]}",先頭から1個おきに取る,位置0、2、4、6、…の要素を取る。値が偶数の要素を選ぶ操作ではない。,隔番で切り出す,隔番で切り出して
expr-candidate-7d07801008059de270bff5f1ca707618942d5a8f07d0d5e9c61f15768e2f8125,atomic-000024,"{""slice"":[""every_other""]}",先頭から1個おきに取る,位置0、2、4、6、…の要素を取る。値が偶数の要素を選ぶ操作ではない。,隔番でまとめる,隔番でまとめて
expr-candidate-9b9a5df9b9ef6a1bf5b7cf22dd15f04f1770e6d8d241aa96b646ac826e8641b6,atomic-000024,"{""slice"":[""every_other""]}",先頭から1個おきに取る,位置0、2、4、6、…の要素を取る。値が偶数の要素を選ぶ操作ではない。,隔番で選ぶ,隔番で選って
expr-candidate-802dbe584c3e035f999622ccb217a7fdd95930f4f52b94296ca2be7fb4c2a84b,atomic-000024,"{""slice"":[""every_other""]}",先頭から1個おきに取る,位置0、2、4、6、…の要素を取る。値が偶数の要素を選ぶ操作ではない。,隔番で収集する,隔番で収集して
expr-candidate-787db7d58f640a4dd8424d3ee279bdd51a7d06f4abbe6558ef6e33fe93bb57ae,atomic-000024,"{""slice"":[""every_other""]}",先頭から1個おきに取る,位置0、2、4、6、…の要素を取る。値が偶数の要素を選ぶ操作ではない。,隔番で取り出す,隔番で取り出して
expr-candidate-311c538cf31a201e31922ce3d0873b36c20b7a88b2be5ad70947253b77c0dd8d,atomic-000024,"{""slice"":[""every_other""]}",先頭から1個おきに取る,位置0、2、4、6、…の要素を取る。値が偶数の要素を選ぶ操作ではない。,隔番で拾う,隔番で拾って
expr-candidate-b350352d13ec4269e4707b74e247a34af45bc537e4e897c198742e8567b4ed82,atomic-000024,"{""slice"":[""every_other""]}",先頭から1個おきに取る,位置0、2、4、6、…の要素を取る。値が偶数の要素を選ぶ操作ではない。,隔番で切りぬく,隔番で切りぬいて
expr-candidate-39b09e1e534d51ef0c33dbfaadcfa86d18c307112c248fba8cfe1887a096d339,atomic-000024,"{""slice"":[""every_other""]}",先頭から1個おきに取る,位置0、2、4、6、…の要素を取る。値が偶数の要素を選ぶ操作ではない。,隔番に拾う,隔番に拾って
expr-candidate-e7c6dac9d46f6f455d22be5a8563c9f3640aa3229da884ed6cbe69674200411b,atomic-000024,"{""slice"":[""every_other""]}",先頭から1個おきに取る,位置0、2、4、6、…の要素を取る。値が偶数の要素を選ぶ操作ではない。,隔番に選ぶ,隔番に選って
